Payment_ID,Claim_ID,Payment_Date,Payment_Amount,Adjustment_Reason,Reserve_Amount,Loss_Ratio
1,962,2025-05-22,1241.20,Policy Adjustment,5784.41,.81
2,926,2025-05-11,2351.06,Duplicate,1494.83,.63
3,539,2024-11-06,1034.78,Overpayment,8996.90,1.45
4,285,2025-08-23,3448.52,Duplicate,8388.18,.97
5,477,2025-06-04,1983.52,Duplicate,9274.77,1.16
6,544,2025-01-14,2805.43,None,4261.13,.62
7,574,2025-03-29,.00,Duplicate,9546.82,.92
8,248,2025-01-16,709.23,Duplicate,3118.66,.78
9,135,2025-09-08,3156.83,Policy Adjustment,2158.33,1.10
10,438,2025-06-11,1359.94,Overpayment,1454.66,.70
11,686,2025-05-07,3136.22,None,3691.46,1.27
12,895,2024-10-23,.00,Duplicate,4694.83,.61
13,531,2024-10-25,2472.12,Overpayment,4820.44,.77
14,335,2025-07-04,870.45,None,9163.15,1.28
15,253,2025-05-25,3107.00,None,2910.90,.61
16,139,2025-01-08,1827.81,Policy Adjustment,2587.52,.45
17,445,2025-05-18,710.97,Overpayment,7983.34,1.00
18,15,2025-02-18,2813.42,None,2465.54,.65
19,137,2025-07-02,1088.13,Overpayment,7583.87,1.15
20,712,2025-01-20,1853.90,None,8881.45,1.18
21,894,2024-09-24,3628.15,Duplicate,6062.42,.68
22,591,2025-08-14,1793.87,Duplicate,9416.63,.94
23,948,2025-05-20,2653.18,Duplicate,6556.42,.68
24,506,2025-03-28,3710.58,Overpayment,6186.80,1.27
25,979,2025-08-30,2962.01,Policy Adjustment,4644.23,.91
26,453,2024-09-23,3388.08,Duplicate,4291.77,.96
27,152,2025-04-22,1412.21,Duplicate,9986.84,.47
28,570,2024-11-02,3268.50,None,5101.96,.40
29,997,2025-04-17,3857.88,None,7297.05,.93
30,881,2024-11-30,.00,Policy Adjustment,7240.87,.56
31,904,2024-09-20,466.48,Overpayment,2407.29,.60
32,787,2025-07-09,1466.15,Overpayment,6981.49,.62
33,705,2025-01-02,2933.33,Duplicate,8676.30,.34
34,332,2025-04-20,.00,None,5763.06,.39
35,178,2025-08-09,164.47,Overpayment,2252.55,.74
36,81,2025-08-18,1498.55,Policy Adjustment,5226.29,.73
37,228,2025-08-06,3198.28,Duplicate,7687.16,.71
38,85,2025-01-20,.00,Duplicate,6750.98,.84
39,944,2025-03-29,1072.92,Policy Adjustment,2819.00,.63
40,77,2024-11-17,2787.89,None,1532.65,.52
41,494,2025-02-24,3410.35,Overpayment,6900.40,.51
42,616,2025-04-03,3266.81,None,8432.25,.80
43,166,2024-11-17,3555.25,None,8807.04,.73
44,142,2025-05-28,.00,Duplicate,5287.20,.62
45,210,2025-07-30,969.48,Duplicate,2906.68,1.34
46,132,2025-07-22,2662.34,Duplicate,6663.34,1.45
47,145,2024-11-24,830.90,Overpayment,1763.01,.99
48,658,2025-02-28,1732.21,None,3015.27,.79
49,961,2025-09-08,490.80,Duplicate,4382.10,.55
50,43,2025-04-09,2762.10,Policy Adjustment,3261.88,.67
51,333,2024-12-30,1377.60,Policy Adjustment,9684.48,.84
52,837,2025-07-21,2342.61,Duplicate,1240.89,1.29
53,961,2024-10-06,3905.90,Duplicate,4507.56,.58
54,700,2025-04-07,210.28,Overpayment,5049.58,1.21
55,469,2025-03-14,1258.77,Policy Adjustment,7110.54,.79
56,114,2025-05-22,3219.71,Duplicate,9354.62,1.33
57,480,2025-06-08,1750.34,Policy Adjustment,3670.66,1.09
58,215,2025-08-08,3421.56,Overpayment,1368.65,1.19
59,192,2025-02-15,422.63,Duplicate,4536.30,1.07
60,39,2025-08-16,1494.79,Overpayment,9303.50,.90
61,681,2024-12-30,2103.88,None,1888.50,1.03
62,825,2025-04-10,2983.82,None,5840.72,1.43
63,818,2025-04-16,3263.43,Policy Adjustment,4718.08,.74
64,499,2025-03-03,1177.94,Duplicate,7191.73,1.16
65,647,2024-09-21,.00,Duplicate,9490.12,.40
66,622,2025-07-18,229.87,None,7472.95,1.27
67,60,2025-09-06,402.66,Duplicate,4421.26,.39
68,705,2025-01-19,1707.93,Overpayment,7832.26,1.25
69,414,2024-11-15,1574.90,None,6160.93,.97
70,927,2025-01-25,3489.84,Duplicate,6300.48,1.16
71,820,2025-08-05,1025.73,Duplicate,6301.00,1.17
72,603,2025-04-02,3555.39,None,1573.49,.67
73,785,2024-11-02,.00,Duplicate,4880.23,.42
74,803,2025-09-04,994.91,Duplicate,4400.14,.74
75,167,2024-10-15,1308.48,Overpayment,3215.51,.93
76,317,2025-06-09,2829.33,Duplicate,7088.25,1.25
77,401,2025-02-17,2119.99,Policy Adjustment,2284.70,.68
78,112,2024-12-09,.00,Policy Adjustment,8219.72,.68
79,303,2025-08-01,2489.98,Overpayment,4141.06,.56
80,761,2025-08-14,1310.82,Duplicate,3110.31,.88
81,416,2025-01-04,1010.33,Duplicate,3767.89,.50
82,653,2025-05-22,1816.49,None,2868.81,.83
83,171,2025-04-04,1886.32,None,8562.71,1.50
84,326,2025-06-26,3701.57,None,3378.95,.94
85,274,2025-05-23,1426.65,Overpayment,7508.85,1.30
86,365,2025-01-09,.00,Overpayment,7974.25,.62
87,757,2024-10-28,621.43,Duplicate,4845.60,1.28
88,497,2025-01-22,3279.14,None,6390.40,1.06
89,666,2025-04-26,1035.74,None,7273.65,.33
90,145,2025-01-28,3234.07,Policy Adjustment,3348.65,1.00
91,564,2025-01-15,.00,Overpayment,6073.81,.68
92,984,2025-01-22,2730.48,Duplicate,7263.16,.61
93,980,2025-03-29,943.45,Duplicate,8820.92,.77
94,55,2025-04-07,3421.32,Policy Adjustment,1067.15,.58
95,687,2024-11-05,107.60,Overpayment,6656.27,1.29
96,705,2024-11-24,966.93,Overpayment,4498.00,1.32
97,654,2025-07-24,.00,Policy Adjustment,3375.71,.97
98,397,2024-11-09,1644.49,Duplicate,4652.91,.69
99,800,2025-06-01,586.74,None,1629.20,.54
100,492,2025-03-17,3667.25,None,8353.89,1.00
101,874,2025-06-21,.00,Duplicate,8386.43,1.41
102,340,2025-09-09,1328.58,Overpayment,2757.96,1.32
103,70,2024-12-17,1238.22,Duplicate,1534.26,1.12
104,116,2025-01-29,.00,Overpayment,2906.83,1.36
105,554,2024-09-19,2164.82,Overpayment,5924.59,.74
106,453,2025-01-14,3169.09,Policy Adjustment,8833.21,.96
107,254,2024-12-19,2492.51,Duplicate,8170.44,.40
108,289,2025-03-16,.00,Duplicate,8711.91,.78
109,406,2025-03-16,986.15,None,9191.83,.31
110,610,2025-08-17,2264.64,Policy Adjustment,3372.67,.73
111,179,2025-05-28,361.13,Policy Adjustment,8918.03,1.31
112,245,2025-07-14,2689.19,Duplicate,9513.26,.69
113,610,2024-11-30,3760.47,None,8352.61,1.44
114,193,2024-09-30,3788.04,Duplicate,8664.58,.92
115,266,2025-01-04,151.73,Overpayment,4839.96,1.04
116,354,2025-08-29,1878.23,None,6579.53,1.38
117,604,2024-11-16,.00,Overpayment,4015.61,1.24
118,233,2025-08-17,2073.15,Duplicate,3539.24,.74
119,622,2025-07-09,1624.02,Duplicate,7255.26,1.46
120,301,2024-12-01,1084.99,None,3708.73,.47
121,278,2025-09-02,2075.26,Duplicate,9168.51,.88
122,186,2025-03-21,296.24,None,1561.89,1.20
123,494,2025-04-14,1358.98,Duplicate,7029.77,.54
124,560,2025-06-24,2479.65,Duplicate,5301.07,1.13
125,15,2025-02-11,2906.78,Overpayment,1972.46,1.46
126,127,2024-11-05,698.30,Policy Adjustment,5486.25,.59
127,169,2025-08-08,2616.14,Duplicate,3395.41,.45
128,558,2025-06-16,.00,Overpayment,8473.69,1.05
129,578,2024-10-14,1593.67,Duplicate,4831.57,.75
130,641,2025-01-29,3724.17,Policy Adjustment,9445.05,1.09
131,898,2025-07-17,1720.83,Policy Adjustment,7889.05,.71
132,852,2025-09-05,1426.96,None,7659.89,1.28
133,861,2024-09-27,.00,None,4054.31,1.02
134,225,2025-09-06,603.50,Duplicate,7485.82,1.00
135,231,2025-07-02,481.94,Duplicate,8310.38,.94
136,513,2025-08-13,819.81,Duplicate,3692.56,1.45
137,61,2025-04-17,3494.65,None,1623.70,.32
138,858,2025-01-30,1487.89,Duplicate,4298.03,.94
139,940,2025-05-07,1921.32,Policy Adjustment,9743.58,.70
140,121,2025-01-28,831.38,None,9775.46,1.36
141,87,2025-03-01,589.01,Duplicate,7405.90,.93
142,534,2025-03-20,1954.18,None,3100.72,.63
143,804,2024-11-01,.00,Policy Adjustment,4360.50,.82
144,987,2025-08-08,1861.95,Duplicate,6084.29,.72
145,464,2025-04-03,3889.36,Duplicate,2512.58,1.17
146,889,2025-06-19,139.94,Duplicate,6042.36,1.45
147,455,2024-09-13,2119.83,Overpayment,4068.24,1.20
148,701,2025-02-06,1626.62,Duplicate,1681.01,.35
149,839,2024-12-29,2544.08,Duplicate,2657.71,.42
150,17,2024-11-05,3919.12,Policy Adjustment,7377.01,.54
151,411,2024-09-29,792.05,None,5215.95,.31
152,982,2025-05-20,1580.04,Overpayment,7194.73,1.34
153,781,2025-05-31,.00,Policy Adjustment,7403.58,1.17
154,217,2025-08-04,1418.10,Duplicate,7522.75,.66
155,603,2025-05-28,2951.92,Duplicate,1496.70,.46
156,784,2025-01-11,617.51,Overpayment,6008.79,.39
157,693,2025-07-08,677.68,None,7593.64,1.03
158,316,2025-04-26,195.34,Duplicate,9888.91,.62
159,136,2025-04-18,2061.74,None,4801.39,1.27
160,393,2025-02-05,2188.85,Duplicate,1405.15,1.36
161,2,2025-08-24,3932.28,Duplicate,6680.82,.41
162,298,2024-12-18,727.79,Duplicate,2160.97,1.14
163,312,2025-03-20,3382.64,None,5932.97,1.36
164,305,2025-08-01,3148.51,Duplicate,2465.45,1.11
165,959,2025-07-02,.00,Duplicate,1687.20,.96
166,522,2025-01-10,1515.88,Overpayment,6440.69,1.41
167,370,2025-02-14,1106.30,Duplicate,6635.50,.52
168,848,2024-11-29,2835.27,None,1133.23,1.26
169,685,2025-06-11,667.47,Duplicate,7190.49,.42
170,53,2025-06-09,2064.66,None,4664.05,1.09
171,614,2024-11-29,1036.47,None,4888.63,.61
172,45,2024-09-18,1283.20,None,8411.68,.92
173,788,2025-03-21,2958.69,Overpayment,8710.80,.96
174,994,2024-11-19,3468.16,Duplicate,8897.82,.78
175,22,2025-01-27,3162.46,Overpayment,4031.49,.78
176,322,2025-06-17,404.99,Duplicate,7789.89,.68
177,442,2025-03-12,440.82,Duplicate,4810.42,.45
178,707,2025-07-26,1648.70,Overpayment,6199.25,1.13
179,292,2025-03-31,3655.46,Duplicate,4337.29,1.20
180,544,2025-09-12,2631.40,Overpayment,8464.26,1.28
181,622,2024-10-29,176.53,None,1440.16,1.19
182,237,2025-05-03,1746.70,Duplicate,7883.07,1.04
183,250,2024-11-23,.00,Policy Adjustment,1353.87,.56
184,947,2025-05-21,1625.14,Overpayment,5469.44,1.13
185,721,2024-09-20,216.49,Overpayment,9239.16,.60
186,287,2025-08-27,277.95,Duplicate,6417.41,1.27
187,655,2025-05-12,2201.87,Duplicate,9981.01,.34
188,359,2025-07-12,2752.76,Policy Adjustment,2064.80,1.04
189,478,2024-09-29,3559.69,Duplicate,6710.34,1.41
190,898,2025-04-02,1827.28,Duplicate,1555.02,.41
191,927,2025-09-04,811.43,Policy Adjustment,6676.26,.75
192,896,2025-03-12,.00,Duplicate,4153.93,1.04
193,416,2025-06-19,-1010.33,Duplicate,6898.02,1.44
194,220,2025-06-20,3711.70,Policy Adjustment,2758.47,.63
195,961,2025-03-04,3293.60,None,7940.73,.72
196,320,2025-08-23,2237.51,None,4722.15,1.08
197,585,2025-08-31,.00,Overpayment,8380.76,.46
198,974,2025-01-12,377.81,Policy Adjustment,3870.44,.74
199,205,2025-06-14,3029.85,Duplicate,3228.80,1.43
200,757,2025-04-20,279.23,Policy Adjustment,4332.90,.57
201,657,2024-09-19,3627.23,Overpayment,2224.23,.68
202,850,2025-08-19,.00,Policy Adjustment,2359.13,.96
203,810,2024-12-24,2579.37,Overpayment,9589.69,.66
204,291,2025-01-09,2011.52,Duplicate,3142.56,1.10
205,205,2025-01-22,468.86,None,9338.66,1.34
206,94,2024-12-22,1268.65,Policy Adjustment,2056.02,.60
207,639,2025-08-12,.00,Duplicate,5748.78,1.01
208,72,2025-08-14,3550.29,Duplicate,5543.68,1.38
209,274,2024-11-05,-1018.45,None,4820.23,1.12
210,495,2025-07-22,2238.28,None,5687.01,.81
211,190,2024-12-22,2447.24,None,1435.15,1.04
212,526,2025-05-10,2511.55,None,2357.82,1.13
213,494,2024-09-20,2392.05,Overpayment,4616.38,1.05
214,441,2025-06-29,237.56,Duplicate,6818.55,1.09
215,592,2024-12-14,2481.71,Policy Adjustment,1721.88,1.26
216,919,2024-11-04,2020.28,Policy Adjustment,9557.09,.70
217,337,2025-01-19,3942.47,Overpayment,8320.81,1.44
218,547,2025-07-10,3283.36,Policy Adjustment,2984.58,.62
219,817,2025-03-11,494.66,Duplicate,1945.60,.33
220,584,2024-09-24,1949.30,None,7804.79,1.10
221,859,2025-08-20,2801.80,None,1501.00,.64
222,703,2025-05-16,1048.76,Policy Adjustment,7090.91,1.42
223,554,2025-03-15,-2164.82,Duplicate,9989.96,1.42
224,397,2024-10-18,1905.54,Duplicate,9981.60,.62
225,719,2025-08-22,3898.09,Policy Adjustment,8339.08,1.33
226,912,2024-12-05,3518.89,None,9513.45,.67
227,271,2025-06-11,779.94,Policy Adjustment,9335.43,1.49
228,616,2024-11-07,1094.27,Duplicate,2411.03,1.16
229,72,2025-01-02,-3550.29,Duplicate,7543.49,.45
230,645,2025-01-28,1771.14,None,8484.82,.69
231,191,2025-07-01,2290.38,Duplicate,9319.89,.55
232,337,2024-09-14,2781.37,Duplicate,9745.05,1.25
233,394,2024-11-29,3158.42,Duplicate,7549.43,.33
234,230,2025-02-10,1019.59,None,8822.11,1.42
235,958,2024-10-19,2366.01,Overpayment,1594.11,1.24
236,228,2025-07-28,1296.01,Duplicate,7140.84,1.06
237,435,2024-09-22,3851.90,Policy Adjustment,6091.74,1.44
238,228,2024-12-05,1815.40,Duplicate,5833.99,1.33
239,681,2024-11-24,-2103.88,Duplicate,8979.36,1.22
240,919,2025-09-08,1550.43,Duplicate,2073.01,1.48
241,191,2025-01-15,3635.80,Duplicate,2795.18,.56
242,588,2025-07-10,3325.93,Duplicate,8373.41,1.24
243,520,2025-04-29,555.79,Policy Adjustment,7355.79,.49
244,119,2024-09-17,373.82,None,4134.37,1.19
245,531,2025-06-04,1706.93,None,1707.97,.60
246,856,2024-10-05,1205.03,Overpayment,9022.17,.67
247,996,2025-08-03,.00,Duplicate,1365.26,.69
248,314,2025-07-23,3939.93,Policy Adjustment,5562.43,.67
249,188,2025-07-30,.00,Duplicate,9869.01,1.11
250,505,2025-03-05,3138.57,None,9002.68,1.47
251,90,2025-05-17,2142.11,Policy Adjustment,5237.16,.41
252,109,2024-12-21,1322.68,Duplicate,8564.15,1.36
253,513,2024-10-09,2962.51,Overpayment,7705.93,1.22
254,74,2025-06-05,.00,Duplicate,7521.11,.83
255,242,2025-03-10,442.64,Duplicate,6964.83,1.25
256,515,2024-09-20,2406.92,Duplicate,3155.35,1.05
257,521,2025-03-22,.00,Duplicate,5433.68,1.03
258,354,2025-07-09,3032.94,Overpayment,3365.91,.68
259,775,2024-11-16,3800.19,Overpayment,1540.45,.72
260,998,2025-02-23,2842.99,Duplicate,5507.93,1.41
261,522,2024-12-29,2031.10,Duplicate,2844.86,1.17
262,826,2025-01-14,249.90,Duplicate,5303.71,.65
263,887,2025-04-28,1420.67,Duplicate,2486.31,1.43
264,173,2025-07-20,.00,Duplicate,9300.94,1.01
265,410,2025-06-02,755.72,Overpayment,3756.15,.38
266,978,2025-03-17,891.79,Policy Adjustment,7023.30,.98
267,683,2025-01-16,.00,None,4047.31,.76
268,528,2025-09-05,3423.39,Duplicate,8928.47,1.21
269,7,2025-03-02,1365.20,None,4431.46,.50
270,674,2024-12-31,2775.17,Duplicate,9041.61,.48
271,593,2024-09-23,3189.94,None,2188.42,.83
272,223,2025-04-20,3041.93,Duplicate,9862.37,.43
273,128,2025-04-12,781.76,Duplicate,5163.04,.78
274,49,2025-08-21,1990.22,None,3734.38,.75
275,432,2024-10-06,2518.96,Duplicate,7627.59,.86
276,61,2025-07-23,-3494.65,None,2880.43,.99
277,254,2025-07-18,2354.02,Duplicate,7053.76,.75
278,359,2024-12-23,3005.01,Overpayment,6282.31,.75
279,344,2025-05-29,1848.26,Overpayment,3866.14,.78
280,254,2024-11-06,1656.33,Duplicate,2965.06,1.38
281,809,2025-03-29,.00,Policy Adjustment,2378.58,1.12
282,927,2025-04-06,404.63,None,3752.94,.82
283,900,2024-12-17,1309.74,Policy Adjustment,6235.69,.71
284,937,2025-07-06,2986.47,Duplicate,4366.84,.53
285,179,2025-08-15,2027.47,Overpayment,8450.52,1.17
286,921,2024-09-21,3937.63,Duplicate,5347.31,.84
287,732,2025-05-04,.00,Duplicate,8815.31,.32
288,580,2025-02-10,770.03,Duplicate,9299.98,1.02
289,302,2025-05-24,203.13,Policy Adjustment,4076.99,.54
290,204,2025-05-16,.00,Duplicate,6188.96,.65
291,373,2024-10-20,665.37,Overpayment,7507.28,.92
292,198,2025-08-17,1475.62,Duplicate,9552.25,.64
293,663,2025-04-28,562.63,Overpayment,3262.93,1.46
294,965,2025-04-08,2622.16,None,3927.77,1.30
295,958,2025-05-27,1588.93,Policy Adjustment,6362.76,.78
296,918,2025-02-18,.00,Policy Adjustment,5235.13,.92
297,26,2024-11-10,3298.85,Duplicate,7891.84,.48
298,39,2025-05-04,2349.20,None,8659.11,1.18
299,924,2024-10-13,2436.12,Overpayment,1848.31,1.25
300,838,2025-01-25,2849.45,Duplicate,4416.80,1.30
301,456,2025-05-25,2227.21,None,9177.57,1.30
302,952,2024-12-04,1596.62,Policy Adjustment,7926.38,.96
303,715,2025-05-09,.00,Overpayment,1705.39,1.37
304,540,2024-12-22,.00,None,9660.09,.31
305,333,2024-09-28,1974.74,None,6030.78,.37
306,557,2024-11-05,.00,Policy Adjustment,7125.40,.82
307,947,2025-06-08,1496.34,Duplicate,8844.90,.66
308,548,2024-11-27,3176.90,None,5426.47,.73
309,836,2025-02-05,917.97,None,8564.45,1.04
310,26,2025-04-12,-3298.85,Duplicate,2126.95,.98
311,821,2025-05-21,1139.69,None,7843.01,.50
312,297,2025-08-07,2477.59,Duplicate,7215.21,1.07
313,194,2025-05-27,467.61,None,9697.14,1.19
314,200,2024-12-23,.00,Overpayment,2663.63,.47
315,739,2024-10-04,.00,Duplicate,9015.77,.47
316,779,2024-10-04,1334.51,Duplicate,6013.19,1.38
317,185,2024-11-24,.00,Overpayment,4764.00,1.26
318,36,2025-05-15,1810.12,Overpayment,2288.84,1.45
319,501,2025-07-30,3589.83,None,1420.38,.74
320,299,2025-06-15,3257.21,None,6374.29,.61
321,70,2025-08-28,1379.79,None,3670.82,.97
322,845,2025-02-16,1970.03,Overpayment,6509.50,.76
323,418,2025-07-22,.00,Overpayment,9570.77,1.30
324,267,2025-08-01,1627.52,Duplicate,4621.30,1.07
325,36,2025-05-09,3069.67,Duplicate,6965.67,.60
326,193,2025-06-07,-3788.04,None,5670.39,1.36
327,219,2025-05-04,1952.10,Duplicate,6460.76,1.15
328,219,2025-08-11,-1952.10,Overpayment,7748.89,.77
329,932,2025-01-24,666.61,None,4041.30,.92
330,884,2025-07-10,3996.58,Overpayment,8235.01,.70
331,509,2025-06-17,.00,Duplicate,2265.23,.31
332,840,2025-09-07,3356.50,Duplicate,6061.29,1.40
333,734,2024-12-10,963.23,Duplicate,5605.15,.88
334,334,2025-04-02,879.33,None,5157.78,1.28
335,602,2025-07-03,197.43,Overpayment,6664.01,1.10
336,807,2025-06-24,642.81,Duplicate,7108.57,1.02
337,348,2025-07-20,3032.37,Duplicate,6125.31,1.41
338,963,2025-03-10,1759.01,None,8481.72,1.02
339,18,2025-07-20,2001.26,Duplicate,2226.07,1.20
340,994,2025-06-11,-3468.16,Duplicate,9187.29,1.23
341,966,2025-01-19,570.86,Duplicate,9440.35,1.27
342,588,2025-07-20,-3325.93,Duplicate,3018.41,1.35
343,257,2025-01-24,3688.96,None,3354.24,1.17
344,659,2025-04-20,347.26,None,4336.72,.80
345,517,2024-12-13,.00,Policy Adjustment,5577.15,.58
346,233,2024-11-09,1595.41,Overpayment,9412.26,1.13
347,441,2025-04-01,186.35,Duplicate,5000.51,.38
348,686,2025-06-01,1148.22,Overpayment,3680.28,1.36
349,359,2025-09-01,-5757.77,Duplicate,8807.99,.41
350,682,2025-09-11,2375.35,Policy Adjustment,5475.72,.81
351,893,2025-05-02,2081.89,Duplicate,8148.29,1.11
352,838,2024-10-03,3028.22,Overpayment,5072.64,1.31
353,679,2024-11-14,2906.07,Overpayment,2427.71,.64
354,768,2025-03-13,3367.55,Duplicate,5745.60,.53
355,950,2025-06-14,2386.52,Overpayment,1817.25,.83
356,218,2025-04-16,642.82,Duplicate,7690.76,1.38
357,559,2024-11-28,2509.94,Overpayment,7800.49,.34
358,559,2025-04-02,-1155.30,None,2622.74,1.49
359,759,2025-03-03,1430.39,Duplicate,2849.34,.75
360,432,2025-08-17,2205.97,Duplicate,2432.57,.68
361,795,2025-08-05,.00,Duplicate,7057.50,.39
362,930,2025-09-06,635.07,None,7294.14,.94
363,230,2025-02-22,1524.66,Overpayment,7692.51,.42
364,9,2024-12-16,1593.12,None,5238.20,.46
365,498,2025-02-23,.00,Duplicate,4034.80,1.18
366,197,2025-08-19,543.61,Overpayment,8382.34,.57
367,172,2025-02-09,1424.49,Duplicate,1174.37,.81
368,993,2024-10-01,1693.54,Policy Adjustment,8220.27,.61
369,550,2025-01-03,1310.14,Duplicate,6536.76,1.18
370,605,2024-11-26,689.15,None,5693.29,.44
371,887,2025-03-10,-1420.67,Duplicate,2511.30,.60
372,326,2025-02-20,959.13,Duplicate,6578.99,1.02
373,629,2025-09-07,3919.17,None,2135.21,.59
374,141,2025-08-14,109.53,None,2514.96,.88
375,36,2024-11-22,1467.09,None,7524.76,1.13
376,634,2025-05-07,.00,None,2563.25,1.03
377,411,2024-12-31,1578.22,Duplicate,9395.00,.50
378,49,2025-06-06,-192.11,Policy Adjustment,7894.59,.69
379,124,2025-04-23,1131.49,Policy Adjustment,4332.23,1.08
380,305,2025-08-21,409.59,None,1074.01,1.23
381,699,2025-04-19,1026.32,Policy Adjustment,2171.74,.56
382,563,2025-02-22,1041.40,Duplicate,6772.33,.98
383,16,2025-09-11,239.92,Duplicate,4154.60,.31
384,426,2025-02-21,1998.62,Overpayment,8657.54,.56
385,11,2024-12-22,1447.35,Policy Adjustment,1678.82,.73
386,1000,2024-10-16,2036.64,Duplicate,2212.91,1.44
387,335,2025-01-31,3325.65,None,7011.74,1.49
388,658,2025-03-18,1834.18,Policy Adjustment,6870.96,.35
389,677,2025-03-30,449.68,Overpayment,6744.38,1.29
390,401,2024-09-20,191.14,None,8074.86,.77
391,768,2025-08-29,-3367.55,None,7753.25,.56
392,981,2025-04-02,1344.01,Duplicate,5940.25,.30
393,347,2025-03-06,.00,Overpayment,2455.18,.78
394,764,2025-03-10,.00,Duplicate,7879.67,1.41
395,675,2025-03-24,1653.26,Overpayment,7585.65,1.39
396,706,2025-06-23,3003.71,Duplicate,4715.72,.93
397,692,2025-08-12,.00,Policy Adjustment,9551.22,1.01
398,408,2024-11-02,.00,Overpayment,5374.29,1.14
399,740,2025-01-05,3770.12,None,5647.52,1.43
400,270,2025-07-08,2586.20,None,5685.91,.43
401,738,2025-01-29,2780.13,Duplicate,8961.22,.66
402,50,2024-11-15,3449.31,Duplicate,9311.02,1.14
403,524,2024-12-07,2767.00,None,4830.67,1.18
404,563,2024-12-13,-409.79,Overpayment,2891.76,1.31
405,666,2025-07-04,2480.28,Duplicate,2555.55,1.07
406,840,2025-02-08,3484.61,Duplicate,4204.09,.65
407,961,2024-12-30,-7503.46,None,4401.11,.61
408,589,2025-06-14,786.02,Overpayment,4800.43,1.47
409,778,2025-03-03,236.40,Overpayment,8104.45,.74
410,195,2025-05-31,914.41,Policy Adjustment,9215.61,1.43
411,627,2025-03-09,3053.11,Overpayment,8382.47,1.26
412,213,2024-10-01,1186.02,Duplicate,1179.98,.98
413,395,2025-04-13,.00,Duplicate,1439.22,1.01
414,567,2025-01-11,2161.47,None,3359.12,.58
415,632,2025-05-31,515.60,Policy Adjustment,3543.05,1.08
416,798,2024-10-21,969.31,Policy Adjustment,1202.84,.97
417,584,2025-03-19,2270.66,Duplicate,5794.83,.30
418,378,2025-08-14,1875.83,Duplicate,2025.38,.97
419,841,2025-07-02,2976.75,Overpayment,1671.96,.59
420,452,2025-07-07,.00,None,1516.25,1.34
421,327,2024-09-20,2125.90,None,1817.67,.93
422,544,2025-08-18,223.55,Policy Adjustment,4841.01,1.24
423,364,2024-11-01,1961.88,Duplicate,9383.39,.32
424,866,2025-08-06,3130.76,Duplicate,3843.06,.78
425,927,2025-08-11,2488.69,Overpayment,5837.84,.81
426,849,2024-12-06,2355.18,None,5623.57,1.43
427,449,2025-08-02,2023.59,Duplicate,9010.93,.51
428,698,2025-07-17,2180.84,None,8570.71,.52
429,879,2025-08-28,2611.27,None,5817.14,.46
430,789,2024-10-29,1939.90,Policy Adjustment,3074.10,.93
431,872,2025-03-29,201.79,Overpayment,7600.41,1.11
432,125,2025-01-09,1097.32,Duplicate,7162.01,.71
433,163,2025-05-12,.00,Overpayment,9318.64,1.29
434,285,2024-10-22,2753.46,Duplicate,1761.61,1.30
435,105,2025-08-29,483.61,Duplicate,2892.18,.67
436,178,2025-01-28,405.21,Overpayment,2994.04,.60
437,172,2025-08-26,199.39,None,8711.99,.51
438,910,2024-12-06,1125.55,Overpayment,4161.89,.47
439,346,2024-12-23,.00,Policy Adjustment,6208.73,1.43
440,565,2025-02-04,3402.91,Overpayment,6116.58,1.02
441,58,2025-05-30,2342.13,Duplicate,5217.84,.94
442,525,2024-11-26,2275.69,Duplicate,8718.39,.35
443,257,2024-10-20,-3688.96,None,1209.07,1.26
444,459,2025-01-04,.00,Policy Adjustment,5258.54,.32
445,771,2025-08-25,1032.43,None,7636.28,.30
446,489,2024-10-09,510.39,Duplicate,7328.46,.78
447,13,2024-11-15,2571.95,Policy Adjustment,8065.45,.99
448,832,2025-04-26,.00,None,2258.34,1.33
449,455,2025-03-28,-1368.52,None,6070.79,.88
450,461,2025-08-23,.00,Policy Adjustment,3572.09,.68
451,813,2025-02-05,.00,Duplicate,9342.68,.88
452,25,2024-10-22,2467.61,None,6395.52,.37
453,145,2025-08-27,2376.45,None,9656.32,.51
454,849,2024-12-13,2144.76,Overpayment,4013.01,.42
455,626,2024-12-31,.00,Policy Adjustment,2290.30,.50
456,70,2025-05-24,3816.84,Duplicate,6832.88,.52
457,65,2025-06-20,2740.01,Overpayment,5827.58,1.49
458,669,2024-11-08,331.05,Overpayment,3877.05,.34
459,794,2024-09-16,2354.92,None,3270.62,.89
460,195,2025-01-21,-914.41,None,8714.78,.45
461,733,2024-09-20,3339.48,Policy Adjustment,6197.94,.79
462,977,2025-02-05,1505.59,Duplicate,6898.68,.97
463,376,2025-01-12,1873.94,Overpayment,5808.80,.63
464,139,2025-06-06,652.30,Overpayment,9412.02,.81
465,149,2025-03-23,2876.50,Duplicate,3694.13,.98
466,210,2024-09-22,3619.50,Duplicate,3515.16,.79
467,931,2024-11-10,3607.16,Policy Adjustment,9625.19,.50
468,411,2025-09-07,-1467.09,Duplicate,3640.81,.76
469,206,2025-08-02,638.38,Duplicate,8654.04,.76
470,786,2025-02-04,953.13,Duplicate,2954.17,.94
471,556,2025-09-07,1771.97,Duplicate,6828.45,1.12
472,661,2025-03-06,3988.87,Duplicate,2251.34,1.39
473,118,2024-09-28,1136.18,Duplicate,6479.43,.85
474,149,2024-12-30,1744.34,None,4098.27,1.48
475,701,2025-07-29,728.00,None,9059.71,.84
476,875,2024-12-21,207.57,Policy Adjustment,9259.10,.72
477,444,2025-05-21,1830.92,None,5695.50,.66
478,592,2025-06-27,1989.24,None,3737.22,1.40
479,808,2025-04-14,1421.67,None,6848.40,.37
480,879,2025-06-14,2247.93,Duplicate,2604.27,.49
481,6,2024-10-05,845.85,Duplicate,2921.61,1.14
482,98,2025-06-09,.00,None,5633.96,.32
483,986,2025-01-14,2870.60,None,8356.16,.60
484,174,2025-06-06,782.73,Duplicate,6875.96,1.15
485,335,2025-03-04,2215.95,Duplicate,1810.95,.67
486,469,2025-05-12,3802.98,None,5132.98,1.30
487,161,2025-06-04,3342.58,Duplicate,2628.08,1.44
488,707,2025-04-24,2551.76,None,8146.73,.80
489,404,2025-06-18,.00,None,6998.08,1.24
490,50,2024-11-16,-34.95,Duplicate,3838.70,1.06
491,602,2024-12-16,-197.43,None,9828.03,1.33
492,262,2025-04-04,3972.56,Duplicate,6122.84,1.04
493,467,2025-07-28,1221.66,Duplicate,9708.23,1.10
494,290,2025-07-30,3630.93,Overpayment,5981.88,1.41
495,168,2025-06-20,.00,Overpayment,3625.81,1.43
496,965,2025-09-03,-2622.16,Overpayment,6795.86,1.06
497,821,2024-12-31,1353.93,Duplicate,7017.18,.45
498,22,2024-12-15,3552.05,Duplicate,3576.46,1.20
499,327,2024-11-13,2321.46,Policy Adjustment,5502.84,.99
500,341,2024-10-24,1398.57,None,9301.96,.91
501,145,2024-12-11,1192.18,None,4879.53,1.46
502,210,2025-04-11,-2141.98,Policy Adjustment,4469.12,.87
503,541,2024-10-31,.00,None,5318.71,1.10
504,445,2024-11-18,990.85,None,9544.62,.34
505,293,2025-06-16,.00,None,4780.43,.79
506,944,2025-07-23,3080.08,None,4326.15,1.12
507,122,2025-07-04,913.65,Policy Adjustment,9661.11,.84
508,161,2025-08-24,3760.11,Policy Adjustment,5097.99,.62
509,709,2025-09-05,793.65,Overpayment,2429.02,.36
510,21,2024-12-25,1168.08,None,2056.59,1.40
511,39,2024-10-17,3374.49,Duplicate,1272.19,.81
512,478,2024-11-04,-3559.69,None,7012.60,.54
513,223,2025-01-08,-3041.93,Duplicate,2071.10,1.06
514,236,2025-01-12,.00,Duplicate,1650.23,.62
515,637,2025-06-03,.00,Policy Adjustment,5817.42,.60
516,473,2024-10-27,2260.09,Duplicate,2604.78,.51
517,770,2024-11-06,2335.81,Policy Adjustment,6862.36,.43
518,133,2025-01-09,358.92,Overpayment,9652.29,.51
519,837,2025-06-05,-2342.61,Overpayment,9041.05,1.14
520,726,2024-10-17,2878.32,None,3535.94,.78
521,464,2025-05-18,-3889.36,Policy Adjustment,7919.29,1.09
522,245,2025-01-18,3445.84,Duplicate,9653.08,1.02
523,175,2024-10-03,732.67,Duplicate,1182.09,.34
524,434,2024-11-04,3608.49,Duplicate,6362.32,.76
525,729,2025-02-11,.00,Duplicate,7848.66,.51
526,723,2025-05-14,3784.34,None,9569.69,.33
527,262,2025-06-19,-3660.09,Policy Adjustment,3650.94,1.15
528,717,2025-06-01,2966.13,None,7361.70,1.04
529,340,2025-06-27,10.94,Duplicate,6624.15,.56
530,708,2025-02-22,462.35,None,1305.97,1.34
531,460,2024-12-15,.00,Policy Adjustment,5285.49,.94
532,310,2025-04-24,1075.18,Duplicate,5616.23,1.33
533,88,2024-10-24,3866.66,Overpayment,5030.91,1.12
534,55,2024-10-06,1235.43,None,5231.51,.49
535,131,2025-04-28,.00,Duplicate,2602.62,.93
536,762,2025-03-01,.00,Duplicate,1309.55,1.25
537,508,2024-12-24,2381.78,Duplicate,8864.07,1.43
538,224,2025-01-31,2440.75,None,6416.42,.31
539,122,2025-07-02,414.84,None,3658.03,.40
540,914,2025-01-18,2703.12,Duplicate,9325.10,1.37
541,666,2024-09-17,142.73,Duplicate,4554.91,1.41
542,501,2024-10-31,3797.14,Duplicate,8564.88,.46
543,265,2025-07-05,645.76,Policy Adjustment,4289.48,.80
544,707,2024-10-21,2359.91,Duplicate,4781.50,1.45
545,631,2025-02-27,.00,Overpayment,2643.49,1.49
546,503,2025-06-14,.00,None,2090.80,.67
547,659,2025-08-22,2454.60,Policy Adjustment,1234.37,.82
548,389,2025-08-03,3922.23,Duplicate,3300.72,.89
549,984,2025-08-31,2444.68,Overpayment,1326.16,1.08
550,553,2024-12-29,2166.19,Overpayment,2489.10,.88
551,525,2024-12-21,3271.43,Duplicate,3342.99,.62
552,240,2024-12-03,832.22,Overpayment,3710.84,.44
553,584,2025-08-31,-4219.96,None,3397.62,1.00
554,95,2025-05-06,.00,Duplicate,8124.44,1.17
555,952,2024-12-19,172.73,None,6528.60,.61
556,929,2025-03-10,3901.64,Policy Adjustment,2762.97,.59
557,60,2025-02-22,1215.32,Duplicate,2578.54,1.05
558,567,2025-08-16,3226.53,Policy Adjustment,9319.06,1.22
559,611,2025-07-31,530.56,Duplicate,8427.61,1.41
560,871,2025-04-08,3255.77,Policy Adjustment,6921.72,.47
561,352,2025-03-31,.00,Duplicate,7354.22,1.42
562,310,2025-08-08,505.04,None,2111.23,1.24
563,47,2025-03-08,.00,Duplicate,3683.71,.66
564,162,2025-08-12,229.18,Duplicate,1498.98,.78
565,858,2025-07-05,1531.23,Policy Adjustment,5847.69,.45
566,157,2025-05-31,1133.36,Overpayment,1389.40,.92
567,710,2025-03-29,3878.40,Duplicate,4790.24,1.27
568,432,2024-12-12,-1586.62,Policy Adjustment,7526.20,1.31
569,760,2024-09-28,1144.14,Overpayment,9204.53,.42
570,22,2025-05-08,-6714.51,Duplicate,9499.20,.36
571,137,2025-09-08,3592.61,Duplicate,9894.54,1.31
572,178,2025-02-19,2955.75,Duplicate,3903.88,1.35
573,775,2025-07-18,2262.67,Duplicate,3345.30,.50
574,756,2025-07-04,1033.62,Policy Adjustment,3689.23,.55
575,259,2025-06-15,827.30,None,3117.50,1.24
576,952,2025-02-05,3420.99,Policy Adjustment,5664.67,1.40
577,278,2025-02-02,654.49,Overpayment,4520.65,.62
578,660,2025-01-21,818.29,Overpayment,6331.32,.62
579,226,2024-10-29,3654.73,Policy Adjustment,8711.73,1.04
580,513,2025-05-09,3259.31,Policy Adjustment,9590.21,1.21
581,119,2024-11-03,883.77,Overpayment,6520.79,1.02
582,143,2025-02-12,1196.63,None,1568.43,.75
583,948,2025-02-03,2207.45,None,5338.90,1.37
584,618,2025-03-22,470.60,None,4372.14,1.16
585,77,2025-03-06,-2787.89,Duplicate,3813.17,.42
586,272,2024-12-18,3189.26,Duplicate,8033.89,.82
587,467,2024-12-30,2194.83,Duplicate,2740.65,1.09
588,280,2025-03-24,1894.92,Overpayment,7296.54,.54
589,24,2025-08-25,.00,Overpayment,5471.30,.35
590,657,2025-03-07,3138.12,Duplicate,9861.20,1.22
591,613,2025-07-14,379.32,Duplicate,9247.40,1.42
592,161,2025-02-26,-7102.69,None,8215.15,1.37
593,689,2025-02-14,2808.67,Duplicate,7979.08,1.34
594,779,2025-03-04,1518.84,Duplicate,7377.75,1.27
595,233,2025-07-15,3632.85,Overpayment,6994.29,1.03
596,335,2025-07-17,1592.01,None,2558.06,.67
597,474,2024-12-25,3002.92,Duplicate,9347.72,.83
598,481,2025-02-22,2023.92,None,7484.50,1.28
599,879,2024-09-27,3401.09,Policy Adjustment,3933.50,.78
600,275,2025-04-16,2130.75,Duplicate,9575.90,.81
601,722,2025-04-06,703.58,Duplicate,2021.27,.83
602,16,2024-10-09,3010.21,Policy Adjustment,4409.00,1.01
603,842,2025-03-31,.00,None,2951.87,.57
604,991,2025-04-23,2664.02,Duplicate,5625.45,1.44
605,268,2024-11-11,.00,Duplicate,5258.95,1.18
606,259,2025-08-11,537.74,Policy Adjustment,9632.88,1.50
607,202,2024-10-06,3787.88,Policy Adjustment,2140.22,.94
608,1,2025-05-02,995.03,None,2171.17,.81
609,923,2025-03-20,389.94,Duplicate,3491.46,1.20
610,248,2025-01-27,2699.35,Duplicate,4185.52,1.04
611,547,2024-11-23,560.43,Overpayment,6335.61,.38
612,393,2025-06-07,-1011.69,Duplicate,6929.02,.76
613,251,2025-04-16,2749.01,Duplicate,7888.48,1.49
614,497,2025-07-06,-1882.03,Policy Adjustment,9037.20,.78
615,254,2024-11-19,1749.21,None,2690.50,1.42
616,794,2024-11-12,2929.62,Duplicate,7155.98,1.21
617,937,2025-09-07,3513.06,Overpayment,6097.25,.66
618,771,2025-05-20,3950.73,Duplicate,4616.05,.61
619,444,2025-02-16,580.61,Duplicate,8977.98,1.28
620,568,2024-09-15,355.42,Overpayment,4983.29,1.32
621,46,2025-09-10,3526.18,None,3160.59,.61
622,381,2025-09-11,3637.00,Duplicate,7962.34,1.24
623,281,2025-08-30,1149.55,Duplicate,8712.40,1.34
624,254,2024-11-23,1959.57,None,2712.34,1.13
625,283,2025-07-06,2308.41,None,1013.38,1.18
626,610,2024-11-12,-5154.40,Overpayment,7997.01,.91
627,495,2025-07-25,3571.55,None,6501.29,.48
628,611,2025-01-15,3088.17,Policy Adjustment,6010.16,.69
629,590,2025-08-17,626.65,None,7149.50,.70
630,682,2024-10-07,568.70,Overpayment,2406.96,.66
631,437,2024-11-25,3113.93,Overpayment,1764.80,.50
632,791,2025-08-16,2291.31,Duplicate,7143.93,.64
633,520,2025-08-27,-555.79,Duplicate,1795.85,.38
634,518,2024-11-03,.00,Overpayment,6502.41,1.50
635,976,2025-04-15,.00,Policy Adjustment,6606.01,.65
636,221,2025-05-22,920.73,Overpayment,3032.16,.83
637,90,2025-05-29,1620.37,Policy Adjustment,1456.76,1.07
638,489,2024-12-22,2314.04,Duplicate,5975.58,.71
639,494,2025-06-22,3333.24,Duplicate,1808.07,1.05
640,15,2025-05-09,1466.78,Overpayment,6707.67,.47
641,879,2025-05-13,753.18,Duplicate,6340.08,1.32
642,628,2025-03-29,.00,Policy Adjustment,4338.80,1.44
643,373,2024-11-29,3067.98,None,1859.67,1.36
644,582,2025-05-22,1799.82,Overpayment,2753.88,1.29
645,470,2025-05-11,3872.28,Duplicate,1452.97,1.42
646,689,2024-11-02,-2315.99,Duplicate,1187.61,.98
647,865,2025-07-07,304.58,Duplicate,7377.51,.54
648,342,2024-09-15,.00,Duplicate,1744.67,1.42
649,921,2025-07-30,3248.67,Duplicate,1481.21,.36
650,615,2025-03-18,2791.92,None,2985.93,.51
651,860,2025-09-01,2394.13,Duplicate,5174.82,1.48
652,595,2025-08-29,2618.24,Duplicate,8345.13,.69
653,723,2025-04-24,-3784.34,Duplicate,2488.40,1.30
654,817,2025-01-12,-494.66,Duplicate,9222.32,.89
655,899,2025-08-13,2390.00,None,2021.23,.58
656,590,2024-11-07,2911.59,Duplicate,8055.59,.99
657,854,2024-12-16,.00,Policy Adjustment,3694.40,.72
658,277,2024-10-07,.00,Duplicate,8917.86,1.46
659,331,2025-06-15,1657.40,Overpayment,1555.18,.60
660,957,2025-03-23,534.26,Duplicate,4737.59,.55
661,12,2024-12-10,183.88,Duplicate,4131.55,.60
662,476,2025-04-30,2021.13,Policy Adjustment,9029.12,.83
663,982,2025-03-15,-1580.04,Overpayment,9691.08,.33
664,269,2024-11-10,542.18,Duplicate,7217.12,1.38
665,275,2025-05-28,482.16,Policy Adjustment,8672.05,1.22
666,375,2024-11-07,1526.61,Duplicate,7777.07,.42
667,754,2025-04-18,308.16,Duplicate,1222.90,1.14
668,339,2025-04-26,1138.52,Duplicate,2943.12,.57
669,885,2025-07-02,1418.65,None,2249.92,.70
670,756,2025-07-24,2409.23,Duplicate,8792.01,1.23
671,489,2025-03-15,-32.06,Overpayment,2792.13,1.29
672,507,2024-12-04,.00,Duplicate,9165.08,.88
673,430,2024-11-28,973.29,Policy Adjustment,5192.22,.77
674,447,2025-08-30,2025.92,Policy Adjustment,9432.57,.56
675,786,2024-11-07,1918.98,Duplicate,4919.41,1.45
676,946,2025-02-15,382.14,Duplicate,6521.93,1.12
677,283,2024-12-26,252.41,Overpayment,7426.00,.52
678,676,2025-01-16,334.78,None,6551.43,.30
679,912,2024-12-14,3883.19,Overpayment,9165.12,1.43
680,893,2025-04-20,-2081.89,Policy Adjustment,6582.58,.43
681,456,2024-11-19,-1296.16,None,4779.21,.68
682,107,2025-05-05,2543.17,Policy Adjustment,7032.62,.55
683,630,2024-12-07,.00,Overpayment,1088.98,1.25
684,859,2025-04-27,-2801.80,Overpayment,1304.10,.73
685,646,2025-05-22,466.46,Duplicate,9580.46,.72
686,713,2025-06-12,1411.99,None,4510.42,.64
687,938,2025-01-19,554.11,None,9733.51,.55
688,132,2025-07-08,-2473.67,Duplicate,8851.29,.52
689,253,2025-07-13,-2479.29,Overpayment,8269.56,.83
690,636,2025-04-26,2509.54,Duplicate,6720.56,.69
691,792,2025-07-02,3467.03,Duplicate,3269.37,1.42
692,985,2024-11-30,181.72,Overpayment,7631.78,.59
693,446,2024-09-26,2285.51,None,5905.18,1.49
694,705,2025-04-21,758.52,Duplicate,3507.15,.67
695,608,2025-05-25,3924.98,Overpayment,9408.41,.34
696,229,2024-11-16,3622.11,None,2113.08,1.18
697,948,2025-08-28,-3384.07,Overpayment,2636.75,.69
698,244,2025-06-10,359.41,None,3649.88,1.15
699,17,2024-09-20,-3919.12,None,3981.95,1.27
700,137,2025-08-24,-4456.69,Duplicate,5941.69,.66
701,284,2024-09-23,.00,None,9338.01,1.20
702,275,2025-08-20,1848.95,Policy Adjustment,7427.27,1.14
703,333,2025-03-12,968.80,Duplicate,8553.25,.57
704,155,2025-08-14,3282.21,Duplicate,8795.13,1.27
705,706,2025-04-05,-3003.71,None,7157.40,1.22
706,616,2025-03-31,2371.46,Policy Adjustment,7306.77,.90
707,984,2024-11-12,-3065.36,Duplicate,8942.96,.84
708,166,2025-02-23,3525.80,None,6374.74,.73
709,214,2024-10-31,2040.62,None,1987.69,1.44
710,258,2024-12-30,.00,Overpayment,4012.58,.53
711,368,2025-03-02,2455.64,Policy Adjustment,3268.11,1.31
712,275,2025-01-29,2913.83,Duplicate,7330.97,.81
713,868,2025-03-25,3874.69,Overpayment,2078.45,1.44
714,279,2025-04-01,928.04,Duplicate,1102.88,1.18
715,704,2024-12-07,663.37,Overpayment,6267.78,1.11
716,239,2024-12-24,.00,Duplicate,8866.75,.93
717,46,2025-07-24,-3526.18,Duplicate,9076.99,.32
718,471,2025-07-10,.00,Overpayment,6703.50,1.15
719,283,2024-10-04,1736.52,Duplicate,8811.59,.34
720,525,2025-04-23,3593.81,Duplicate,3357.73,.40
721,208,2025-03-27,.00,Policy Adjustment,6391.54,.81
722,550,2025-07-29,-1310.14,Overpayment,2381.46,.44
723,70,2025-05-24,873.15,None,7890.23,.97
724,490,2024-12-13,3245.98,Duplicate,8426.89,.43
725,42,2025-08-18,.00,Overpayment,6499.63,.88
726,823,2024-10-27,1722.87,Duplicate,7934.90,1.30
727,174,2025-06-27,3431.92,Overpayment,9754.54,.39
728,279,2025-05-03,961.73,Policy Adjustment,1388.52,1.21
729,99,2025-08-25,770.84,Overpayment,4524.00,.64
730,494,2024-12-23,2697.94,Duplicate,8968.53,.32
731,514,2024-11-30,363.71,Duplicate,8661.28,1.36
732,592,2025-01-18,-2648.38,Policy Adjustment,6563.59,.88
733,226,2024-10-19,-2826.16,Duplicate,5923.07,.40
734,375,2025-05-07,-1526.61,Duplicate,4163.35,.74
735,237,2025-03-02,3709.85,None,5483.84,.65
736,2,2025-04-21,-3932.28,Duplicate,6304.21,.86
737,778,2024-12-04,123.56,Policy Adjustment,4812.51,1.15
738,695,2024-10-15,1549.39,Duplicate,3946.29,1.49
739,796,2025-04-19,976.08,Duplicate,8723.37,1.40
740,863,2025-01-26,1075.77,Duplicate,8217.35,.37
741,117,2025-04-24,1584.69,Overpayment,9668.40,1.49
742,774,2025-02-22,.00,Overpayment,8618.05,.89
743,390,2025-04-20,2824.92,Duplicate,9344.59,1.25
744,362,2025-04-27,969.48,None,3970.90,.34
745,13,2025-08-07,-2571.95,Duplicate,8480.20,.31
746,920,2025-07-31,1271.92,None,9144.52,.89
747,921,2025-03-03,2160.21,Duplicate,7644.76,1.01
748,545,2024-11-08,.00,Duplicate,5939.28,1.04
749,235,2025-03-19,2327.69,Duplicate,4476.64,.54
750,473,2025-07-03,3906.11,None,4257.46,.51
751,40,2025-05-01,.00,Duplicate,5643.69,1.02
752,580,2025-02-24,2208.21,Duplicate,9912.24,1.40
753,324,2025-04-19,3575.20,Duplicate,8501.80,1.00
754,481,2025-06-21,3379.14,Duplicate,8037.97,.74
755,601,2024-12-23,2596.14,Duplicate,3479.47,.86
756,633,2024-11-03,.00,None,8183.40,.86
757,467,2024-12-28,-3416.49,Duplicate,3862.44,1.41
758,25,2024-10-28,-2014.93,Duplicate,5181.83,1.12
759,937,2024-10-02,1355.21,Duplicate,5488.96,1.35
760,379,2025-07-27,.00,Overpayment,5943.11,1.01
761,640,2025-04-13,890.56,Duplicate,5491.76,.30
762,296,2024-12-26,921.72,None,8290.24,.60
763,242,2024-11-27,-442.64,Policy Adjustment,1442.77,1.20
764,247,2024-12-28,3254.67,None,3303.07,1.10
765,930,2025-06-18,-635.07,Duplicate,4470.16,.84
766,23,2025-05-20,1431.32,None,1937.20,1.32
767,486,2024-11-03,2262.31,None,3961.43,1.16
768,413,2025-02-03,2046.72,Overpayment,7089.14,.53
769,470,2025-08-22,1833.12,Duplicate,5677.55,1.34
770,351,2025-01-05,777.37,Duplicate,2314.35,.53
771,682,2025-06-02,3329.14,Duplicate,3745.94,.43
772,685,2024-12-12,2013.77,Policy Adjustment,7352.55,.64
773,318,2025-05-27,2222.70,Duplicate,7068.89,1.50
774,720,2024-09-25,.00,None,4853.72,1.43
775,788,2024-11-01,2622.42,Duplicate,6463.29,1.19
776,187,2025-01-01,1122.34,Overpayment,4234.71,.75
777,738,2025-03-14,227.67,None,5752.10,1.09
778,603,2025-06-03,1990.68,Overpayment,3884.37,1.29
779,178,2025-02-21,1346.01,None,1420.18,.96
780,295,2025-01-23,.00,None,1720.74,.76
781,238,2025-06-10,3242.01,Duplicate,5195.86,.66
782,668,2025-05-16,.00,Duplicate,6863.03,.74
783,923,2024-09-17,1116.71,Overpayment,6461.68,.73
784,273,2025-01-28,.00,Duplicate,3408.28,1.29
785,317,2024-10-27,2494.71,Overpayment,3760.71,1.32
786,513,2025-04-28,2563.58,Overpayment,5650.05,.54
787,68,2024-11-27,2029.08,Policy Adjustment,4067.47,1.05
788,659,2025-01-31,1278.46,Duplicate,1267.73,.54
789,123,2025-06-01,2369.39,Duplicate,4755.44,.87
790,691,2025-06-07,.00,Duplicate,2742.87,1.47
791,333,2024-10-10,2905.98,None,1180.40,.49
792,700,2024-10-28,2008.40,Duplicate,9175.22,1.42
793,771,2024-10-12,-4983.16,Duplicate,1845.36,1.33
794,177,2025-07-12,.00,Overpayment,6779.80,.72
795,389,2025-02-04,1378.94,Duplicate,1118.30,.57
796,466,2025-07-21,.00,None,2164.58,1.15
797,454,2025-04-14,.00,Duplicate,8022.16,1.24
798,224,2025-02-21,1763.20,Duplicate,9929.71,.70
799,929,2025-04-06,3625.46,None,2017.45,1.05
800,354,2024-10-11,-4911.17,Duplicate,4834.82,.68
801,43,2025-09-04,-2762.10,Duplicate,7243.57,1.30
802,944,2025-05-31,-4153.00,None,1865.95,1.06
803,216,2025-03-19,1772.12,Policy Adjustment,1102.06,1.09
804,30,2024-12-11,.00,Overpayment,9953.53,.37
805,885,2025-02-22,1050.60,None,8880.38,1.22
806,841,2025-02-11,-147.40,Duplicate,9635.87,.56
807,788,2024-10-20,1033.83,None,5098.94,.88
808,206,2025-08-09,-638.38,Overpayment,3955.58,.69
809,608,2024-11-30,671.47,Duplicate,9235.35,1.10
810,75,2025-03-15,.00,Duplicate,1800.17,1.31
811,105,2025-03-25,3811.63,None,7756.15,.47
812,875,2025-08-24,1100.10,None,7102.42,1.25
813,361,2024-11-17,2250.17,Duplicate,2858.63,1.33
814,56,2025-03-12,1338.05,Overpayment,1522.04,1.02
815,857,2025-04-07,3676.34,Overpayment,4197.34,.31
816,868,2024-12-10,-1918.89,Duplicate,5706.98,.36
817,601,2025-08-29,-2596.14,Duplicate,6574.76,.67
818,431,2025-01-21,.00,None,2412.23,1.03
819,323,2025-02-24,1083.77,Overpayment,4315.91,1.16
820,368,2024-12-23,-2399.82,Duplicate,3801.43,.70
821,713,2025-08-13,2899.88,Overpayment,3090.26,1.46
822,55,2024-12-22,1003.50,Duplicate,6953.27,1.03
823,819,2025-03-17,3338.54,Duplicate,3655.98,.38
824,676,2025-07-27,-334.78,Duplicate,9998.42,.80
825,144,2025-05-20,239.27,Duplicate,9087.79,1.13
826,661,2025-07-06,-2751.98,None,2772.72,.92
827,438,2025-03-29,1493.76,Policy Adjustment,7342.87,1.26
828,892,2025-06-12,233.47,Duplicate,4767.99,1.06
829,301,2025-04-06,3223.10,Duplicate,5546.65,1.34
830,505,2025-01-17,-2648.89,Policy Adjustment,6637.24,1.23
831,612,2025-08-19,2704.57,Duplicate,8665.57,.44
832,90,2024-09-15,-3634.12,Policy Adjustment,4703.01,1.10
833,598,2025-03-01,1696.33,Duplicate,7378.49,.59
834,82,2025-03-03,.00,Duplicate,5315.16,.50
835,403,2024-11-29,3239.06,None,7302.15,1.33
836,686,2025-04-10,256.81,None,4797.26,1.11
837,748,2024-11-30,359.64,Duplicate,4137.23,1.30
838,420,2025-01-02,2240.05,Policy Adjustment,6810.13,.79
839,740,2024-09-20,460.39,Policy Adjustment,1163.18,1.15
840,870,2025-08-04,677.79,None,3371.34,1.21
841,967,2025-08-20,.00,Duplicate,3114.53,1.45
842,410,2024-10-04,-755.72,Overpayment,9034.43,1.12
843,237,2024-10-19,2535.20,Duplicate,5823.93,.75
844,184,2025-06-23,.00,Duplicate,2493.54,.34
845,983,2024-11-15,2513.88,Policy Adjustment,3724.92,1.03
846,255,2025-08-05,3167.75,Overpayment,9323.17,1.33
847,566,2024-11-24,2522.94,Duplicate,2420.38,1.27
848,718,2024-10-08,.00,Duplicate,5476.97,1.49
849,88,2025-09-06,1961.13,None,5029.64,.54
850,232,2025-03-27,1472.61,Overpayment,8628.79,.74
851,716,2025-02-24,2961.62,None,9392.13,1.39
852,255,2024-10-04,-3167.75,Duplicate,9476.88,1.09
853,392,2025-01-19,.00,Duplicate,4793.43,.64
854,484,2025-06-12,896.47,Policy Adjustment,2462.87,.83
855,823,2025-01-09,1915.57,None,5454.52,.80
856,767,2025-05-03,3219.27,None,5413.97,1.32
857,232,2024-12-24,444.97,Policy Adjustment,1241.16,.98
858,230,2025-06-05,2576.40,None,9875.36,.70
859,397,2024-10-28,-1629.87,Duplicate,3979.00,1.39
860,37,2025-03-16,1229.63,Duplicate,9790.73,1.39
861,174,2025-02-19,2831.86,Duplicate,3740.00,.53
862,910,2024-11-01,2648.61,None,3209.89,.32
863,139,2025-06-16,-2480.11,None,4120.19,1.08
864,605,2025-01-12,2902.27,Duplicate,8244.61,1.00
865,312,2025-09-05,-3382.64,Duplicate,6195.93,.47
866,885,2025-04-11,153.44,Duplicate,7336.62,.94
867,389,2024-11-10,2270.04,Duplicate,9338.03,.81
868,437,2025-02-22,2432.04,Overpayment,3226.46,1.32
869,650,2025-02-23,617.70,Overpayment,9109.86,.93
870,973,2025-05-25,265.65,None,8269.28,1.37
871,905,2025-06-09,2836.53,None,4432.11,.93
872,707,2025-06-11,-6560.37,Duplicate,4282.91,1.36
873,680,2025-07-10,247.57,Overpayment,9026.69,.92
874,331,2025-05-20,1190.53,None,3845.80,.37
875,266,2024-12-09,208.43,Duplicate,4093.19,1.06
876,533,2025-01-17,1783.49,Overpayment,8738.22,.98
877,381,2025-02-03,3357.12,Duplicate,9768.77,.31
878,672,2025-02-13,.00,None,6942.88,1.36
879,213,2024-11-19,910.69,None,4855.67,1.18
880,752,2025-06-27,1643.23,Policy Adjustment,2944.91,1.05
881,835,2024-10-02,.00,Duplicate,9852.47,1.02
882,514,2025-05-17,-363.71,Overpayment,1011.12,.45
883,621,2025-08-05,1303.04,Duplicate,2257.47,.46
884,71,2025-09-07,448.70,None,4214.21,.67
885,80,2024-12-14,1774.67,Duplicate,1718.28,1.27
886,80,2024-11-12,-1439.62,None,3515.89,1.46
887,376,2024-09-30,-1873.94,Duplicate,4467.50,.59
888,792,2024-09-18,-307.88,Duplicate,5366.54,1.34
889,898,2025-03-19,2105.76,Policy Adjustment,1099.60,.77
890,419,2024-12-15,1092.34,None,8936.59,1.03
891,360,2025-06-05,618.05,Policy Adjustment,3411.45,1.08
892,875,2025-05-04,1523.84,Duplicate,4862.27,.36
893,331,2025-02-17,1915.78,Duplicate,2231.67,.75
894,658,2025-05-14,-2232.55,None,5079.42,1.50
895,998,2025-08-04,125.50,Duplicate,6749.74,1.43
896,448,2025-01-14,.00,Duplicate,6197.77,.99
897,318,2024-11-11,-1150.93,Policy Adjustment,2552.21,1.26
898,267,2024-12-24,2598.04,Overpayment,2582.59,.85
899,876,2025-07-16,1239.38,Duplicate,8181.16,1.23
900,446,2025-01-12,3125.84,Duplicate,4034.09,1.39
901,624,2025-08-11,.00,None,2306.91,.58
902,547,2025-02-02,1125.76,None,3824.46,.96
903,750,2025-07-20,3346.61,Duplicate,2059.69,1.00
904,378,2024-09-26,1612.05,Duplicate,7495.69,1.18
905,39,2025-04-10,2652.37,None,4795.37,.71
906,320,2025-09-05,-2237.51,None,3025.80,.54
907,927,2025-07-10,322.38,Overpayment,8042.20,1.25
908,838,2024-09-18,2289.11,None,1822.80,.94
909,750,2024-12-06,619.85,Duplicate,4674.92,.94
910,611,2025-04-17,2431.93,Overpayment,6130.89,1.26
911,178,2025-03-08,706.78,Duplicate,8250.19,1.41
912,264,2025-01-14,1388.36,Duplicate,4688.67,1.16
913,921,2024-11-08,2281.61,Duplicate,2629.01,1.13
914,481,2024-11-08,2495.56,Duplicate,7455.32,1.03
915,504,2025-04-15,856.00,Duplicate,2289.49,.62
916,68,2025-07-04,-265.68,Policy Adjustment,3882.62,.69
917,129,2025-03-30,.00,Duplicate,8723.35,1.02
918,373,2024-09-21,2138.21,Overpayment,5369.77,.61
919,282,2025-02-03,.00,Duplicate,4262.80,1.21
920,776,2024-10-05,.00,Duplicate,9512.81,.89
921,371,2025-05-31,.00,Duplicate,9733.53,.41
922,328,2025-05-09,.00,Duplicate,6160.69,1.10
923,233,2024-11-02,3008.42,Overpayment,7930.15,1.13
924,60,2024-09-23,1799.84,Duplicate,7015.80,.49
925,538,2025-08-03,.00,Duplicate,4531.39,1.01
926,801,2024-12-28,2170.88,None,8315.42,.87
927,430,2025-01-17,3797.10,Duplicate,5000.40,1.38
928,414,2025-03-11,419.85,Duplicate,8303.31,.42
929,122,2025-04-03,2016.84,Policy Adjustment,3711.07,1.01
930,791,2025-01-03,-1898.74,None,4917.45,1.47
931,12,2025-05-10,335.80,Duplicate,4989.01,.59
932,355,2025-07-31,1789.16,Overpayment,6606.63,1.13
933,636,2025-05-17,190.96,Policy Adjustment,5690.27,1.49
934,135,2025-01-15,2351.88,None,4586.27,1.45
935,756,2025-03-12,-3442.85,None,5098.45,1.16
936,155,2025-05-24,-3282.21,None,2184.08,.98
937,857,2024-09-28,2968.11,Duplicate,3480.32,1.41
938,988,2025-02-08,1386.87,Policy Adjustment,8685.72,.56
939,45,2025-07-10,-701.31,Overpayment,5819.34,1.42
940,983,2025-01-19,283.73,Policy Adjustment,9555.64,.64
941,473,2025-01-19,3621.14,None,6330.39,.92
942,290,2025-03-27,1331.36,None,8271.00,1.36
943,171,2025-05-19,3391.54,Overpayment,9982.74,1.09
944,298,2024-10-24,1777.28,Overpayment,2094.37,.67
945,285,2024-12-11,-6151.54,Policy Adjustment,4046.21,1.49
946,779,2025-03-12,-2853.35,None,4797.51,.80
947,287,2025-03-14,1476.57,Overpayment,2968.34,.32
948,811,2025-08-01,.00,Overpayment,3228.95,.33
949,605,2025-05-28,3651.54,Duplicate,5671.86,.37
950,121,2024-12-14,1812.44,Duplicate,5494.83,.58
951,97,2025-01-14,2139.10,Duplicate,7399.22,.93
952,474,2025-08-14,1655.27,None,6016.97,1.30
953,363,2025-04-20,.00,Policy Adjustment,3058.00,.54
954,215,2025-06-19,3336.81,Policy Adjustment,3559.15,.56
955,343,2025-02-08,.00,Overpayment,4817.39,.79
956,506,2025-04-28,-1206.18,Duplicate,5993.41,.96
957,713,2025-03-28,2480.66,None,6724.79,.33
958,716,2025-05-13,-2961.62,Duplicate,2249.71,.41
959,435,2024-12-20,-2899.23,Duplicate,6605.82,.97
960,899,2024-12-07,-1426.33,Policy Adjustment,8278.42,.76
961,483,2024-12-03,1880.17,Policy Adjustment,7734.79,1.05
962,442,2024-12-18,-440.82,Duplicate,8145.96,.80
963,560,2025-08-01,371.72,Duplicate,7141.52,1.15
964,429,2024-12-02,3833.47,Duplicate,6238.62,1.30
965,91,2025-03-09,364.18,Overpayment,3132.59,1.36
966,53,2024-11-12,954.31,Duplicate,8422.63,.42
967,917,2024-09-26,.00,Duplicate,2650.25,1.08
968,993,2025-04-27,468.27,Policy Adjustment,9341.61,1.22
969,336,2024-11-30,284.68,Overpayment,5634.59,1.20
970,107,2025-02-11,1443.41,Policy Adjustment,6644.19,.51
971,546,2024-12-24,1756.34,Duplicate,6000.48,1.40
972,190,2025-09-11,3336.49,Overpayment,3889.73,1.11
973,759,2025-08-24,-382.64,Overpayment,4684.15,1.46
974,539,2025-04-04,2014.19,Duplicate,1331.08,.69
975,614,2025-03-04,2076.26,Overpayment,8568.78,1.18
976,453,2024-11-15,1238.27,None,2759.19,1.38
977,423,2024-12-08,984.75,None,2223.50,.37
978,852,2025-02-21,335.96,Duplicate,4240.36,.47
979,651,2024-10-20,3121.29,Duplicate,5590.15,1.08
980,127,2025-01-22,3222.52,Policy Adjustment,6327.62,.62
981,713,2025-08-26,-6792.53,None,9715.98,1.22
982,969,2025-08-22,1113.32,None,7870.54,1.02
983,317,2025-05-18,-1435.73,None,3172.57,.57
984,589,2025-05-07,551.32,Duplicate,7983.24,.73
985,11,2025-05-18,218.29,Policy Adjustment,7179.95,1.42
986,324,2025-06-28,-3575.20,Policy Adjustment,9191.84,.60
987,350,2025-07-31,.00,Duplicate,2868.43,1.21
988,950,2025-05-18,-2386.52,Duplicate,9097.77,.30
989,951,2024-11-13,832.57,Duplicate,7998.00,.60
990,710,2024-11-13,1872.02,Overpayment,7685.01,1.50
991,291,2025-07-03,-2011.52,Overpayment,2237.24,.32
992,823,2025-06-22,3855.13,Duplicate,4193.81,1.01
993,614,2025-07-16,-1149.85,Duplicate,7707.60,.54
994,263,2024-10-04,404.70,Duplicate,5912.46,1.25
995,96,2024-10-10,2068.98,None,8976.14,1.46
996,608,2025-02-02,3009.79,None,4978.91,1.28
997,224,2025-07-07,3388.31,Overpayment,3366.98,1.11
998,561,2025-06-22,.00,Duplicate,5317.21,.87
999,828,2025-04-17,468.66,Policy Adjustment,5459.16,1.04
1000,60,2024-11-05,1979.17,Policy Adjustment,9225.57,1.14
1001,100,2024-11-26,955.07,None,3515.70,.75
1002,465,2025-06-21,1485.20,Overpayment,6717.88,1.44
1003,629,2025-09-06,2003.45,Policy Adjustment,5788.06,.64
1004,329,2025-02-26,.00,None,2617.44,1.18
1005,199,2025-07-17,317.12,Policy Adjustment,5395.27,.98
1006,935,2025-01-22,3060.14,Overpayment,2771.70,.50
1007,526,2025-03-02,847.23,Duplicate,7867.30,1.39
1008,490,2025-03-09,-3245.98,Policy Adjustment,1854.04,.61
1009,339,2024-12-14,-151.61,None,7392.08,1.45
1010,724,2024-11-02,.00,Duplicate,9917.24,.39
1011,101,2024-12-19,.00,Duplicate,3584.78,.73
1012,458,2024-10-25,.00,Overpayment,7756.59,1.38
1013,524,2025-02-02,-2767.00,Duplicate,8348.96,.90
1014,88,2025-01-04,3947.95,Duplicate,6667.88,.80
1015,156,2025-07-05,2763.39,Duplicate,1140.01,1.22
1016,292,2025-02-03,-3286.62,Duplicate,2608.87,1.15
1017,958,2024-10-04,2872.21,Duplicate,4224.33,.78
1018,928,2025-06-07,.00,Policy Adjustment,4541.97,.34
1019,962,2025-08-27,1385.75,Overpayment,9984.64,.47
1020,975,2025-08-30,252.99,Duplicate,7200.35,.39
1021,711,2025-01-04,720.44,Duplicate,4142.42,.44
1022,636,2025-06-25,-1152.82,Policy Adjustment,4179.87,.52
1023,114,2025-03-09,3145.66,Duplicate,4886.90,1.07
1024,271,2024-11-15,1883.26,Policy Adjustment,9436.00,.73
1025,799,2025-02-08,1884.14,Duplicate,1115.40,.60
1026,974,2024-10-04,-377.81,Policy Adjustment,1528.04,.57
1027,539,2024-12-15,-1941.35,Duplicate,4949.55,1.26
1028,124,2025-05-03,-1131.49,Duplicate,6690.39,.77
1029,810,2024-12-18,2476.85,Overpayment,2904.52,1.28
1030,925,2024-10-20,326.61,Duplicate,4577.98,1.45
1031,60,2025-01-17,1083.00,Policy Adjustment,1034.90,.42
1032,577,2025-04-04,.00,Duplicate,3676.97,.57
1033,315,2025-01-27,.00,Duplicate,8703.66,.85
1034,818,2025-08-21,-3263.43,None,1603.22,1.41
1035,553,2025-04-09,-2166.19,Overpayment,6830.48,.85
1036,151,2025-04-29,1181.73,Overpayment,9503.16,1.28
1037,848,2025-04-25,-2835.27,None,4626.41,.48
1038,231,2024-12-05,1461.18,Duplicate,9498.65,.78
1039,836,2025-06-21,2505.42,None,2867.55,1.05
1040,183,2025-03-26,154.27,None,9265.32,1.14
1041,447,2024-11-21,1069.56,Duplicate,8078.99,1.05
1042,705,2024-10-03,-6366.71,Policy Adjustment,9710.34,1.17
1043,271,2025-05-25,3604.22,Duplicate,3373.64,1.09
1044,447,2025-05-18,3935.15,Duplicate,2085.32,.67
1045,891,2025-03-14,.00,Duplicate,2033.36,1.37
1046,167,2024-11-23,667.87,Duplicate,9125.68,1.07
1047,833,2024-10-05,.00,None,5627.83,.43
1048,865,2025-08-30,-18.05,None,3523.33,.34
1049,687,2025-07-17,-107.60,Duplicate,9851.08,.93
1050,403,2025-05-30,277.31,Duplicate,4592.89,.45
1051,44,2024-12-11,.00,Duplicate,5200.29,.31
1052,136,2024-11-16,-2061.74,Duplicate,5945.49,.76
1053,857,2025-06-10,-6644.45,None,6990.33,.48
1054,97,2025-02-20,965.63,Overpayment,7030.22,1.46
1055,701,2025-08-16,1916.25,Policy Adjustment,2918.46,1.22
1056,447,2024-11-21,-5946.54,Duplicate,7017.54,.40
1057,845,2025-03-26,749.96,Duplicate,8180.13,.40
1058,335,2025-07-08,3205.91,Duplicate,9264.76,.98
1059,377,2025-02-15,3415.13,Duplicate,8262.48,.88
1060,657,2024-11-18,-6765.35,None,1478.88,.52
1061,171,2025-01-06,-5277.86,Policy Adjustment,7989.27,1.37
1062,745,2024-10-21,1769.91,Duplicate,9374.26,.77
1063,820,2025-07-30,2223.47,Duplicate,4248.18,1.46
1064,981,2025-07-12,-1344.01,None,9570.81,.44
1065,569,2025-07-24,.00,Duplicate,5474.50,.54
1066,680,2025-05-21,-247.57,Duplicate,3291.50,.49
1067,390,2025-07-25,-1482.99,None,7144.12,.86
1068,349,2025-01-25,.00,Overpayment,8994.60,.92
1069,169,2025-02-13,3292.02,Duplicate,9504.27,1.30
1070,580,2025-08-22,-2396.73,Duplicate,2160.26,1.42
1071,889,2025-09-02,2321.02,None,4264.85,.55
1072,632,2025-03-15,1446.93,Policy Adjustment,4536.68,.94
1073,1000,2025-06-29,-2036.64,Duplicate,2639.25,1.20
1074,931,2025-07-27,-3607.16,None,3055.18,.86
1075,205,2024-09-25,-3498.71,None,5752.31,1.14
1076,96,2025-09-04,1864.42,Overpayment,9586.97,.37
1077,816,2025-05-11,2088.13,Duplicate,9475.12,1.08
1078,29,2025-02-08,191.03,Overpayment,8692.21,.56
1079,947,2024-09-25,-3121.48,Duplicate,5670.31,1.23
1080,103,2025-03-06,2729.20,Overpayment,6819.62,1.34
1081,659,2024-12-19,-2046.42,Duplicate,5164.03,.99
1082,463,2025-01-29,1644.12,Duplicate,2638.14,.69
1083,978,2024-10-10,-891.79,None,3085.99,1.04
1084,883,2024-10-17,628.81,None,8804.16,1.36
1085,251,2025-01-22,-2749.01,Duplicate,5845.61,1.17
1086,560,2024-12-20,941.69,None,5442.22,.65
1087,377,2024-09-15,-3415.13,None,8163.96,1.11
1088,843,2024-12-19,581.12,Policy Adjustment,9788.03,1.48
1089,439,2025-07-04,.00,Duplicate,7890.91,.57
1090,37,2025-07-15,1303.55,Duplicate,7787.27,.41
1091,15,2025-08-22,2311.88,Overpayment,7537.30,1.41
1092,860,2024-10-23,-246.65,Duplicate,3533.15,.51
1093,983,2025-07-21,-2797.61,Duplicate,4815.03,.73
1094,646,2025-01-24,2976.07,None,6661.47,1.34
1095,164,2024-11-04,.00,Policy Adjustment,3856.02,.52
1096,529,2024-12-05,3492.70,Overpayment,9617.16,.46
1097,96,2025-07-17,1981.33,Overpayment,3908.47,.37
1098,888,2025-06-19,2080.41,Overpayment,6321.33,.63
1099,923,2025-01-21,-1506.65,Duplicate,4771.85,1.27
1100,84,2025-02-19,.00,None,2001.78,.78
1101,425,2025-08-06,.00,Policy Adjustment,8707.50,.66
1102,216,2024-10-22,749.80,Duplicate,8145.01,1.18
1103,256,2024-11-24,.00,Overpayment,1345.41,.32
1104,146,2025-02-25,109.09,Overpayment,4534.59,.42
1105,465,2025-06-12,-781.68,None,8376.33,1.30
1106,844,2025-02-06,169.27,Duplicate,4249.62,.66
1107,143,2024-10-13,899.62,None,8155.47,.34
1108,719,2025-03-28,-3898.09,Duplicate,2455.09,1.07
1109,367,2025-01-24,1335.53,None,8294.38,.73
1110,384,2025-05-17,1852.12,Duplicate,3588.59,1.42
1111,437,2024-10-24,-4383.68,Duplicate,8851.98,.77
1112,726,2025-08-26,-1526.00,None,7974.91,1.16
1113,650,2025-02-24,1206.43,None,2605.31,1.33
1114,422,2025-03-13,.00,Duplicate,2352.15,.39
1115,934,2025-04-22,1922.70,Duplicate,4218.25,.45
1116,326,2025-01-09,278.16,None,7037.09,1.22
1117,438,2024-12-14,-2853.70,None,9313.28,.87
1118,946,2024-12-21,-382.14,None,4741.50,1.03
1119,214,2025-06-28,-1697.94,None,2742.70,1.47
1120,60,2025-06-22,-6479.99,Duplicate,2880.08,.46
1121,16,2024-10-05,-3250.13,None,8523.78,.55
1122,360,2024-09-18,-618.05,None,9244.21,1.01
1123,740,2025-07-24,-4230.51,None,9644.61,.64
1124,278,2024-12-29,-2729.75,Duplicate,8781.05,.31
1125,496,2025-04-18,298.92,None,5932.02,.60
1126,695,2025-07-18,766.81,Policy Adjustment,9641.41,.97
1127,884,2025-06-30,3577.25,Overpayment,5106.53,.39
1128,299,2025-02-24,3856.01,Duplicate,7228.22,.74
1129,100,2024-11-24,2117.13,Duplicate,5200.66,.86
1130,616,2024-11-19,-3302.59,Policy Adjustment,2141.80,1.18
1131,396,2025-01-06,3781.77,Policy Adjustment,7586.95,1.26
1132,525,2024-11-23,2408.87,None,7763.50,.66
1133,351,2025-08-11,2309.48,Duplicate,9266.18,.39
1134,773,2025-09-06,.00,None,7871.90,.41
1135,474,2025-08-13,2686.83,Duplicate,6112.45,1.02
1136,905,2025-06-09,-2836.53,None,7240.57,.95
1137,593,2025-05-19,-3189.94,None,4574.73,1.38
1138,271,2025-05-14,476.55,Duplicate,3285.57,.47
1139,782,2025-04-20,.00,Duplicate,8230.59,.99
1140,234,2024-09-16,.00,Duplicate,9551.89,.62
1141,858,2025-05-13,1505.45,Overpayment,2192.26,1.31
1142,755,2024-11-10,.00,Duplicate,5994.94,1.25
1143,745,2025-01-09,649.88,Duplicate,4688.28,1.43
1144,933,2024-10-27,155.92,Overpayment,7991.58,1.07
1145,39,2024-10-12,2607.02,Duplicate,3866.12,.76
1146,231,2025-04-16,1941.43,None,9494.51,.58
1147,65,2025-05-21,1284.17,None,8477.36,.78
1148,7,2024-10-23,-1365.20,Duplicate,9828.22,1.27
1149,807,2025-07-07,2814.46,None,5214.59,1.24
1150,241,2025-01-06,1142.94,Overpayment,6047.32,.81
1151,430,2025-04-13,-1905.58,Overpayment,5432.65,.51
1152,966,2025-07-15,1940.23,None,9509.47,.56
1153,653,2025-07-12,-1592.24,Duplicate,3785.81,.73
1154,348,2024-10-31,2422.93,None,7767.64,1.25
1155,267,2024-10-22,-4225.56,Overpayment,6110.04,1.35
1156,249,2025-06-26,1111.49,Overpayment,5297.83,.42
1157,366,2024-11-08,2990.29,Policy Adjustment,8167.13,1.31
1158,3,2025-05-04,2064.21,None,2350.08,.78
1159,401,2025-06-11,864.49,Duplicate,4493.16,.65
1160,441,2024-10-31,-423.91,Duplicate,1630.06,.33
1161,220,2025-02-22,3293.01,Duplicate,7247.42,.53
1162,227,2025-08-23,156.87,Overpayment,3732.07,.44
1163,617,2025-01-02,.00,None,4004.33,1.04
1164,403,2025-04-24,-671.84,Overpayment,5210.72,.46
1165,898,2025-07-17,1137.56,None,7804.99,.48
1166,153,2025-08-25,1539.02,None,5534.33,.45
1167,280,2025-08-25,3559.88,Duplicate,9856.09,1.10
1168,962,2025-03-06,-2165.11,Duplicate,4129.97,.85
1169,932,2025-07-26,371.15,Overpayment,7296.76,1.31
1170,271,2025-02-15,2402.69,Duplicate,3060.18,.92
1171,894,2025-06-15,328.53,Duplicate,9727.35,1.44
1172,752,2025-07-11,-851.87,Overpayment,2125.16,.46
1173,331,2025-06-13,1069.80,Duplicate,9919.50,.94
1174,187,2024-12-23,-1122.34,Policy Adjustment,6818.52,.99
1175,364,2025-05-23,-1111.41,None,8438.44,1.34
1176,117,2025-04-29,2127.08,Overpayment,5679.74,.58
1177,305,2025-02-22,-3558.10,Duplicate,1564.92,.98
1178,366,2024-10-23,-2990.29,Duplicate,4586.36,.68
1179,166,2025-06-11,-7081.05,Policy Adjustment,1804.79,1.15
1180,958,2024-11-20,2582.66,Duplicate,5317.38,1.11
1181,878,2025-08-22,.00,None,5730.84,.90
1182,605,2025-02-12,-6805.21,Duplicate,5975.56,.58
1183,710,2024-10-02,3795.17,Duplicate,6471.26,.39
1184,992,2025-06-16,948.76,None,3351.69,.34
1185,736,2025-06-12,.00,None,5514.10,.39
1186,669,2024-12-11,926.98,None,5341.88,.57
1187,62,2025-08-08,329.49,None,6647.09,1.10
1188,591,2025-05-12,793.80,Duplicate,9055.16,.93
1189,53,2025-08-15,-3018.97,None,4422.00,.76
1190,97,2025-08-13,-2201.80,None,3763.69,1.28
1191,310,2025-08-17,-1580.22,Policy Adjustment,6896.23,1.21
1192,333,2025-09-06,-7227.12,Duplicate,2767.67,.46
1193,869,2025-07-29,.00,Overpayment,2983.74,1.17
1194,789,2025-01-04,-555.04,None,6113.65,.79
1195,117,2025-06-20,2405.74,Policy Adjustment,9946.51,.87
1196,307,2024-12-01,373.02,Overpayment,8194.73,.67
1197,618,2025-02-05,3717.91,Policy Adjustment,5692.26,.73
1198,495,2024-11-09,2488.82,None,9497.74,.82
1199,76,2024-11-22,820.64,Duplicate,2478.08,.91
1200,910,2024-12-08,291.57,Policy Adjustment,8877.44,.56
1201,995,2025-04-28,.00,Duplicate,7665.22,1.15
1202,643,2025-02-05,.00,Policy Adjustment,9682.83,1.21
1203,120,2025-09-04,1450.28,Duplicate,2166.19,1.18
1204,169,2025-02-20,-4273.14,Duplicate,4904.85,1.10
1205,816,2024-12-07,-2088.13,Policy Adjustment,7101.82,.70
1206,627,2025-04-03,1047.01,Overpayment,1416.37,.46
1207,248,2025-05-16,931.03,None,9508.75,.80
1208,910,2025-05-04,-4065.73,Policy Adjustment,6238.72,1.50
1209,495,2025-01-04,-7941.70,None,5328.96,1.50
1210,958,2024-10-27,-8074.33,None,5001.52,.54
1211,413,2025-01-23,-2046.72,None,3555.09,.60
1212,396,2025-04-28,-3781.77,Policy Adjustment,7401.53,.39
1213,394,2025-05-02,1518.44,Duplicate,6961.25,.92
1214,123,2025-04-14,-130.58,Duplicate,5453.00,.49
1215,632,2025-01-22,-91.63,Duplicate,9547.33,1.21
1216,385,2025-06-26,1150.88,None,5357.12,1.07
1217,414,2024-11-18,471.91,Duplicate,6016.92,.69
1218,801,2025-02-03,2822.61,Policy Adjustment,2778.23,1.47
1219,221,2025-05-03,-920.73,None,2236.94,.72
1220,575,2024-10-11,1278.51,Duplicate,1103.38,.66
1221,330,2025-09-03,.00,Duplicate,3841.51,.93
1222,625,2025-02-24,3746.74,None,7792.91,.91
1223,821,2025-08-08,-2493.62,Duplicate,4800.77,.54
1224,675,2025-01-31,1389.39,Duplicate,4685.90,.59
1225,595,2025-01-30,-2618.24,Policy Adjustment,9774.40,1.48
1226,174,2024-10-27,-5171.77,Overpayment,5031.42,.66
1227,1,2025-08-04,2700.44,Overpayment,3846.93,1.16
1228,591,2025-05-19,641.61,Duplicate,2104.64,.92
1229,530,2025-08-04,.00,Duplicate,8530.91,.94
1230,402,2024-12-05,1710.51,Policy Adjustment,7124.70,1.00
1231,417,2025-07-28,.00,Duplicate,9034.26,.95
1232,603,2025-01-17,960.90,Duplicate,9623.23,.62
1233,684,2025-07-14,3986.58,None,2486.33,.55
1234,987,2025-07-20,-132.68,Overpayment,3966.86,.52
1235,738,2024-12-02,-3007.80,Overpayment,7636.78,1.22
1236,91,2025-06-15,-364.18,Duplicate,1230.07,1.04
1237,113,2025-07-01,3474.73,None,2599.27,.48
1238,623,2025-05-04,.00,None,7648.72,1.27
1239,606,2025-05-04,2229.65,Policy Adjustment,4133.58,.67
1240,849,2024-10-09,-4499.94,Duplicate,8938.50,1.00
1241,894,2025-06-26,-3956.68,Duplicate,1177.74,1.41
1242,381,2025-06-04,-6994.12,Policy Adjustment,3406.72,1.11
1243,307,2025-09-05,1923.46,Duplicate,3499.40,1.36
1244,529,2025-07-16,-3492.70,Duplicate,4394.85,.45
1245,385,2025-01-10,2614.56,None,8197.11,.56
1246,156,2024-11-16,-1647.17,Duplicate,7198.55,.51
1247,778,2025-06-30,-243.55,Overpayment,7915.85,1.00
1248,235,2025-01-14,-2327.69,Overpayment,5331.73,.54
1249,560,2025-02-18,-3793.06,Duplicate,7699.65,1.03
1250,190,2025-06-04,828.71,Duplicate,4007.72,1.35
1251,429,2024-12-28,-3833.47,Partial Settlement,6238.62,1.30
1252,100,2025-01-07,-826.50,Partial Settlement,3515.70,.75
1253,528,2025-10-04,-1359.03,Partial Settlement,8928.47,1.21
1254,655,2025-07-10,-2201.87,Partial Settlement,9981.01,.34
1255,525,2025-01-12,-11549.80,Partial Settlement,7763.50,.66
1256,879,2025-09-23,-8323.39,Partial Settlement,5817.14,.46
1257,578,2024-12-11,-1066.40,Partial Settlement,4831.57,.75
1258,934,2025-05-08,-1922.70,Partial Settlement,4218.25,.45
1259,823,2025-01-11,-5455.15,Partial Settlement,5454.52,.80
1260,283,2025-01-04,126.21,Partial Settlement,7426.00,.52
1261,336,2024-12-07,142.34,Partial Settlement,5634.59,1.20
1262,65,2025-06-11,-4024.18,Partial Settlement,8477.36,.78
1263,301,2025-05-13,-4308.09,Partial Settlement,5546.65,1.34
1264,567,2025-09-15,-2409.42,Partial Settlement,9319.06,1.22
1265,508,2025-01-22,-1408.22,Partial Settlement,8864.07,1.43
1266,513,2025-06-19,-9605.21,Partial Settlement,5650.05,.54
1267,997,2025-05-26,-2938.03,Partial Settlement,7297.05,.93
1268,449,2025-09-20,-2023.59,Partial Settlement,9010.93,.51
1269,179,2025-09-30,1013.74,Partial Settlement,8450.52,1.17
1270,975,2025-10-21,-252.99,Partial Settlement,7200.35,.39
1271,88,2025-09-10,-6918.50,Partial Settlement,5029.64,.54
1272,107,2025-06-22,-3805.50,Partial Settlement,7032.62,.55
1273,710,2024-12-02,-9545.59,Partial Settlement,7685.01,1.50
1274,885,2025-04-19,-2187.92,Partial Settlement,8880.38,1.22
1275,220,2025-03-19,-7004.71,Partial Settlement,7247.42,.53
1276,402,2025-01-08,-1710.51,Partial Settlement,7124.70,1.00
1277,775,2025-08-25,-6062.86,Partial Settlement,3345.30,.50
1278,190,2025-01-12,-4540.56,Partial Settlement,1435.15,1.04
1279,202,2024-11-13,-3787.88,Partial Settlement,2140.22,.94
1280,240,2025-01-22,-685.25,Partial Settlement,3710.84,.44
1281,608,2025-06-23,1962.49,Partial Settlement,9408.41,.34
1282,533,2025-01-31,-1783.49,Partial Settlement,8738.22,.98
1283,167,2024-12-01,-1976.35,Partial Settlement,9125.68,1.07
1284,794,2024-12-05,-5284.54,Partial Settlement,7155.98,1.21
1285,474,2025-09-30,827.64,Partial Settlement,6016.97,1.30
1286,810,2025-01-25,-4819.10,Partial Settlement,9589.69,.66
1287,712,2025-02-01,-1853.90,Partial Settlement,8881.45,1.18
1288,608,2025-03-14,-6062.47,Partial Settlement,4978.91,1.28
1289,228,2024-12-09,-6309.69,Partial Settlement,5833.99,1.33
1290,122,2025-05-07,-3345.33,Partial Settlement,3711.07,1.01
1291,492,2025-04-12,-2649.87,Partial Settlement,8353.89,1.00
1292,603,2025-05-27,-6293.18,Partial Settlement,1573.49,.67
1293,589,2025-06-17,275.66,Partial Settlement,7983.24,.73
1294,640,2025-05-15,-890.56,Partial Settlement,5491.76,.30
1295,925,2024-10-22,163.31,Partial Settlement,4577.98,1.45
1296,254,2025-08-21,-8487.13,Partial Settlement,7053.76,.75
1297,750,2025-01-16,-3548.07,Partial Settlement,4674.92,.94
1298,641,2025-03-23,-1174.24,Partial Settlement,9445.05,1.09
1299,217,2025-09-07,-1034.61,Partial Settlement,7522.75,.66
1300,275,2025-03-20,-6172.53,Partial Settlement,7330.97,.81
1301,921,2024-12-01,-11362.92,Partial Settlement,2629.01,1.13
1302,820,2025-08-07,-3021.66,Partial Settlement,4248.18,1.46
1303,247,2025-02-22,-3254.67,Partial Settlement,3303.07,1.10
1304,135,2025-03-08,-5508.71,Partial Settlement,4586.27,1.45
1305,385,2025-02-06,-3765.44,Partial Settlement,8197.11,.56
1306,62,2025-09-06,-329.49,Partial Settlement,6647.09,1.10
1307,787,2025-09-06,-728.33,Partial Settlement,6981.49,.62
1308,819,2025-03-26,-1139.37,Partial Settlement,3655.98,.38
1309,547,2025-03-15,562.88,Partial Settlement,3824.46,.96
1310,178,2025-03-24,-4087.72,Partial Settlement,3903.88,1.35
1311,912,2024-12-25,-6488.65,Partial Settlement,9513.45,.67
1312,227,2025-09-04,78.44,Partial Settlement,3732.07,.44
1313,335,2025-07-09,-11209.97,Partial Settlement,9163.15,1.28
1314,963,2025-04-15,-1759.01,Partial Settlement,8481.72,1.02
1315,700,2025-04-19,-2218.68,Partial Settlement,5049.58,1.21
1316,287,2025-09-06,138.98,Partial Settlement,6417.41,1.27
1317,39,2025-08-26,747.40,Partial Settlement,9303.50,.90
1318,704,2025-02-01,-663.37,Partial Settlement,6267.78,1.11
1319,856,2024-11-07,-1205.03,Partial Settlement,9022.17,.67
1320,929,2025-04-26,-7396.10,Partial Settlement,2017.45,1.05
1321,666,2025-06-22,-3658.75,Partial Settlement,7273.65,.33
1322,216,2024-11-09,36.81,Partial Settlement,8145.01,1.18
1323,622,2025-08-21,-2030.42,Partial Settlement,7255.26,1.46
1324,58,2025-07-15,-2342.13,Partial Settlement,5217.84,.94
1325,582,2025-07-10,-1799.82,Partial Settlement,2753.88,1.29
1326,326,2025-04-09,-2692.73,Partial Settlement,6578.99,1.02
1327,419,2025-02-02,-84.55,Partial Settlement,8936.59,1.03
1328,71,2025-09-18,-13.36,Partial Settlement,4214.21,.67
1329,966,2025-03-13,-2511.09,Partial Settlement,9440.35,1.27
1330,481,2025-04-13,-6695.70,Partial Settlement,7484.50,1.28
1331,248,2025-03-11,-4339.61,Partial Settlement,3118.66,.78
1332,109,2025-01-21,661.34,Partial Settlement,8564.15,1.36
1333,625,2025-04-14,-1598.01,Partial Settlement,7792.91,.91
1334,952,2025-02-23,-5190.34,Partial Settlement,5664.67,1.40
1335,979,2025-09-07,-2962.01,Partial Settlement,4644.23,.91
1336,645,2025-03-16,-1771.14,Partial Settlement,8484.82,.69
1337,406,2025-05-05,-986.15,Partial Settlement,9191.83,.31
1338,3,2025-06-13,-1410.52,Partial Settlement,2350.08,.78
1339,547,2024-12-04,-5532.43,Partial Settlement,6335.61,.38
1340,237,2025-05-25,873.35,Partial Settlement,7883.07,1.04
1341,55,2024-10-09,-5660.25,Partial Settlement,5231.51,.49
1342,230,2025-07-17,-2855.64,Partial Settlement,9875.36,.70
1343,127,2025-02-16,-3920.82,Partial Settlement,6327.62,.62
1344,473,2025-03-06,-9627.41,Partial Settlement,6330.39,.92
1345,589,2025-08-09,-1613.00,Partial Settlement,4800.43,1.47
1346,627,2025-03-21,-4100.12,Partial Settlement,8382.47,1.26
1347,327,2024-10-08,-4447.36,Partial Settlement,1817.67,.93
1348,838,2025-03-18,-8166.78,Partial Settlement,4416.80,1.30
1349,591,2025-06-17,-3229.28,Partial Settlement,2104.64,.92
1350,394,2025-01-18,-4676.86,Partial Settlement,7549.43,.33
1351,143,2025-03-27,-547.02,Partial Settlement,1568.43,.75
1352,884,2025-07-19,-4666.34,Partial Settlement,5106.53,.39
1353,892,2025-07-04,-233.47,Partial Settlement,4767.99,1.06
1354,272,2025-01-17,-3189.26,Partial Settlement,8033.89,.82
1355,279,2025-04-23,-1250.89,Partial Settlement,1102.88,1.18
1356,590,2025-09-12,-3152.72,Partial Settlement,7149.50,.70
1357,23,2025-07-08,-1431.32,Partial Settlement,1937.20,1.32
1358,618,2025-02-05,-4188.51,Partial Settlement,5692.26,.73
1359,157,2025-07-17,-85.86,Partial Settlement,1389.40,.92
1360,307,2025-01-04,8.50,Partial Settlement,8194.73,.67
1361,348,2024-11-18,-5455.30,Partial Settlement,7767.64,1.25
1362,191,2025-03-02,1817.90,Partial Settlement,2795.18,.56
1363,120,2025-10-08,725.14,Partial Settlement,2166.19,1.18
1364,70,2025-10-06,689.90,Partial Settlement,3670.82,.97
1365,446,2025-01-30,-3195.73,Partial Settlement,4034.09,1.39
1366,215,2025-08-18,-6758.37,Partial Settlement,1368.65,1.19
1367,991,2025-06-15,-2664.02,Partial Settlement,5625.45,1.44
1368,701,2025-09-01,-715.60,Partial Settlement,2918.46,1.22
1369,389,2025-08-26,-7571.21,Partial Settlement,3300.72,.89
1370,269,2025-01-05,271.09,Partial Settlement,7217.12,1.38
1371,889,2025-10-09,-1770.66,Partial Settlement,4264.85,.55
1372,119,2024-09-29,-1257.59,Partial Settlement,4134.37,1.19
1373,840,2025-09-11,-6841.11,Partial Settlement,6061.29,1.40
1374,611,2025-05-02,-4828.77,Partial Settlement,6130.89,1.26
1375,682,2025-06-30,-6273.19,Partial Settlement,3745.94,.43
1376,686,2025-04-15,-4541.25,Partial Settlement,4797.26,1.11
1377,232,2025-01-31,-1549.35,Partial Settlement,1241.16,.98
1378,951,2025-01-09,-832.57,Partial Settlement,7998.00,.60
1379,684,2025-08-12,-3986.58,Partial Settlement,2486.33,.55
1380,531,2024-11-12,-4179.05,Partial Settlement,4820.44,.77
1381,1,2025-06-10,-3695.47,Partial Settlement,2171.17,.81
1382,898,2025-05-17,-5610.92,Partial Settlement,1099.60,.77
1383,565,2025-02-04,-3402.91,Partial Settlement,6116.58,1.02
1384,986,2025-01-19,-2870.60,Partial Settlement,8356.16,.60
1385,245,2025-08-13,1344.60,Partial Settlement,9513.26,.69
1386,988,2025-02-24,632.16,Partial Settlement,8685.72,.56
1387,434,2024-11-25,-3608.49,Partial Settlement,6362.32,.76
1388,826,2025-03-03,124.95,Partial Settlement,5303.71,.65
1389,453,2025-01-12,619.14,Partial Settlement,2759.19,1.38
1390,866,2025-09-02,-1165.77,Partial Settlement,3843.06,.78
1391,914,2025-03-16,-2703.12,Partial Settlement,9325.10,1.37
1392,153,2025-09-08,-1539.02,Partial Settlement,5534.33,.45
1393,191,2025-07-28,-7744.08,Partial Settlement,9319.89,.55
1394,522,2025-02-27,-3546.98,Partial Settlement,6440.69,1.41
1395,231,2025-06-10,-3884.55,Partial Settlement,9494.51,.58
1396,373,2024-10-16,-5582.97,Partial Settlement,5369.77,.61
1397,145,2025-01-29,-6417.05,Partial Settlement,3348.65,1.00
1398,96,2025-08-10,-5914.73,Partial Settlement,3908.47,.37
1399,469,2025-06-10,-2829.24,Partial Settlement,5132.98,1.30
1400,453,2025-02-13,-8414.58,Partial Settlement,8833.21,.96
1401,836,2025-02-24,-3139.99,Partial Settlement,8564.45,1.04
1402,287,2025-03-15,738.29,Partial Settlement,2968.34,.32
1403,733,2024-10-20,-3339.48,Partial Settlement,6197.94,.79
1404,224,2025-02-22,-7592.26,Partial Settlement,6416.42,.31
1405,501,2025-08-12,-7074.83,Partial Settlement,1420.38,.74
1406,484,2025-07-18,-260.99,Partial Settlement,2462.87,.83
1407,825,2025-05-23,-2983.82,Partial Settlement,5840.72,1.43
1408,927,2025-02-04,-7516.97,Partial Settlement,6300.48,1.16
1409,803,2025-10-10,-994.91,Partial Settlement,4400.14,.74
1410,117,2025-05-15,-6117.51,Partial Settlement,9668.40,1.49
1411,544,2025-11-10,-5660.38,Partial Settlement,8464.26,1.28
1412,331,2025-07-31,-4946.75,Partial Settlement,9919.50,.94
1413,937,2025-09-02,-7854.74,Partial Settlement,4366.84,.53
1414,426,2025-02-24,-1998.62,Partial Settlement,8657.54,.56
1415,149,2025-05-12,-4620.84,Partial Settlement,3694.13,.98
1416,474,2025-09-09,-8172.66,Partial Settlement,6112.45,1.02
1417,299,2025-04-18,-6277.55,Partial Settlement,7228.22,.74
1418,378,2024-10-06,-2783.88,Partial Settlement,7495.69,1.18
1419,470,2025-09-02,-5450.91,Partial Settlement,5677.55,1.34
1420,283,2024-11-06,-4423.55,Partial Settlement,8811.59,.34
1421,179,2025-06-28,-3402.34,Partial Settlement,8918.03,1.31
1422,245,2025-02-08,-7479.63,Partial Settlement,9653.08,1.02
1423,114,2025-03-24,-3930.87,Partial Settlement,4886.90,1.07
1424,36,2025-07-09,-6346.88,Partial Settlement,2288.84,1.45
1425,280,2025-05-18,-2814.39,Partial Settlement,7296.54,.54
1426,940,2025-07-04,-1921.32,Partial Settlement,9743.58,.70
1427,494,2025-02-18,-13192.56,Partial Settlement,8968.53,.32
1428,290,2025-08-17,-4962.29,Partial Settlement,5981.88,1.41
1429,745,2024-11-23,-172.42,Partial Settlement,9374.26,.77
1430,570,2024-12-14,-3268.50,Partial Settlement,5101.96,.40
1431,876,2025-08-02,-158.83,Partial Settlement,8181.16,1.23
1432,695,2024-10-30,-2316.20,Partial Settlement,3946.29,1.49
1433,314,2025-08-08,-3939.93,Partial Settlement,5562.43,.67
1434,237,2025-04-11,-8865.10,Partial Settlement,5483.84,.65
1435,801,2025-02-06,-4993.49,Partial Settlement,8315.42,.87
1436,39,2025-04-16,-13225.27,Partial Settlement,4795.37,.71
1437,629,2025-10-26,-5922.62,Partial Settlement,5788.06,.64
1438,401,2025-03-29,-2877.74,Partial Settlement,2284.70,.68
1439,15,2025-08-27,-8628.32,Partial Settlement,7537.30,1.41
1440,233,2024-11-14,-10309.83,Partial Settlement,7930.15,1.13
1441,271,2025-03-10,-9146.66,Partial Settlement,3060.18,.92
1442,229,2024-12-09,-3622.11,Partial Settlement,2113.08,1.18
1443,125,2025-03-02,-1097.32,Partial Settlement,7162.01,.71
1444,788,2024-11-20,-6614.94,Partial Settlement,6463.29,1.19
1445,302,2025-07-06,-203.13,Partial Settlement,4076.99,.54
1446,858,2025-08-07,-2805.31,Partial Settlement,5847.69,.45
1447,935,2025-02-04,-3060.14,Partial Settlement,2771.70,.50
1448,70,2025-06-24,-6532.86,Partial Settlement,6832.88,.52
1449,105,2025-04-27,-4214.16,Partial Settlement,7756.15,.47
1450,337,2024-10-27,-6143.65,Partial Settlement,9745.05,1.25
